Substrate Name	Substrate SMILES	Protein Sequence
Feruloyl-CoA	CC(C)(COP(=O)([O-])OP(=O)([O-])OC[C@@H]1[C@H]([C@H]([C@@H](O1)N2C=NC3=C(N=CN=C32)N)O)OP(=O)([O-])[O-])[C@H](C(=O)NCCC(=O)NCCSC(=O)/C=C/C4=CC(=C(C=C4)O)OC)O	MVTVEEVRKAQRAQGPATVLAIGTSTPPNCVDQSTYPDYYFHITNSEHKTELKEKFKRMCEKSMIKKRYMYLTEEILKENPNVCEYMAPSLDARQDMVVVEVPKLGKEAATKAIKEWGQPKSKITHLVFCTTSGVDMPGADYQLTKLLGLRPSVKRLMMYQQGCFAGGTVLRVAKDLAENNKGARVLVVCSEITAVTFRGPSDTHLDSLVGQALFGDGAAAVIIGADPVPEIEKPMFELVSAAQTILPDSDGAIDGHLREVGLTFHLLKDVPGLISKNIEKSLVEAFQPLGISDWNSLFWIAHPGGPAILDQVEAKLALKPEKLRATRHVLSEYGNMSSACVLFILDEMRKKSREDGLQTTGEGLEWGVLFGFGPGLTVETVVLHSVAA
Feruloyl-CoA	CC(C)(COP(=O)([O-])OP(=O)([O-])OC[C@@H]1[C@H]([C@H]([C@@H](O1)N2C=NC3=C(N=CN=C32)N)O)OP(=O)([O-])[O-])[C@H](C(=O)NCCC(=O)NCCSC(=O)/C=C/C4=CC(=C(C=C4)O)OC)O	MGAIEKIRENQRAKGPATILAIGMANPTNCVYQVKYPDYYFCMTKSEHMTALKQKFIRICDKSMIHKRYMHLTEELMEKHPEICSYDTPSLNPRQHIIIDTIPKLGEEAALKSKMTHIIFCSTSGVDMPSADYQLMRLLGLSPSVKRVMLYSENNAGPSTENLPNLVGQAIFGDGAAALIIKSDLEIPAEQSIFQLGAIEGQLRDVGLTFGLSDRIPHLITSNIKKSLKEAFDSLSIVPHPGGPAILNQIKAKLGLKKEGPEP
Feruloyl-CoA	CC(C)(COP(=O)([O-])OP(=O)([O-])OC[C@@H]1[C@H]([C@H]([C@@H](O1)N2C=NC3=C(N=CN=C32)N)O)OP(=O)([O-])[O-])[C@H](C(=O)NCCC(=O)NCCSC(=O)/C=C/C4=CC(=C(C=C4)O)OC)O	MVSVEKIRENQRAKGPATILAIGTANPANCMYQDEFPDYYFRMTKSEHMTALKQKFIRICEKSMIHKRYKHLTEELLNKNPEICSYDAPSLNARQDISTVSIPKLGEEAATEAIKEWGQPKSKITHIVFCSLSGADMPGADYQLMRLLGLSPSVKRVMLYHLGCFAGGTALRIAKDLAENNAGARVLIVCSEITVASFRGPSDENHGNLTSQALLGDGAAALIIGSDPEIPSEQPIFQLVWTAETVLPNSESTVESQVRDGGLTLVLSDRVPLLIASNIEKSLNEAFDSLGITDWNPSSGCLIRAKLGLRKERLRAVRHVLREYGNMSSASVFFVLDEMRRKSVEEGLATTGEGLEWGVLFGFGPGLTVETVVLHSVPIVPPG
Feruloyl-CoA	CC(C)(COP(=O)([O-])OP(=O)([O-])OC[C@@H]1[C@H]([C@H]([C@@H](O1)N2C=NC3=C(N=CN=C32)N)O)OP(=O)([O-])[O-])[C@H](C(=O)NCCC(=O)NCCSC(=O)/C=C/C4=CC(=C(C=C4)O)OC)O	MGSVPAATPSVREIWRAQRADGPAAVLAIGTANPAHCVPQDEFPDFYFRATNSDHLTALKGKFKRVFQKLGVEKRYLHHTEELLRAHPEFLDDEAASLDARLDIVATAVPELAAEASKKAISEWGRPAADITHLVVTTNSGAHIPGVDFRLIPLLGLRPSVRRTMLYLNGCFAGSAALRLAKDLAENNRGARVLVVCAELTLMLFNGPKEGSFERLIHQGLFGDGAGAVVVGADPLSPVEHALFEMVSAAQTVIPDSGDAITMHITKGGFGGNISTRDVPVFIGDNVERCLHDSLEPLGIGAKWNDLFWAVHPGSSAILDRIDTVLQLEPEKLAASRRVLSDYGNMFGVTIIFVLDELRRRLREQEGAGGAPEWGVVMTFGPGLTVETMVLHATGHMHASP
Feruloyl-CoA	CC(C)(COP(=O)([O-])OP(=O)([O-])OC[C@@H]1[C@H]([C@H]([C@@H](O1)N2C=NC3=C(N=CN=C32)N)O)OP(=O)([O-])[O-])[C@H](C(=O)NCCC(=O)NCCSC(=O)/C=C/C4=CC(=C(C=C4)O)OC)O	MVDFREAQRAKGPAAIMAIGTATPPNCVPQSTYADFYFRVTNCEHKTELKEKFKRMCDNSKIKKRYIHLTEEILKEKPNLCAHMAPSLDERQDIAIAEIPKLGAKAATQAINEWGQPKSMITHVVFSSVYGVDMPGADYQLTKLLGLSPSVKRVMLYQQGCFAGASVLRLAKDLAENNKGARVLVVCSEITTPNFRGPDEAHVDNLVSQVLFGDGAAAVIVGSDPIPDVEMKLFEIVSASQTIVPDSDGAIKGHIRQAGFITRLHRDVPELIGKHVEKSLLEAFQPLGISDWNSLFWIAHPGGRAILDQVEENLCLRPEKLRASRHVLAEYGNLSSPCVLFILNEMRHSSVTQGAITTGEGLEWGVLMGFGPGVTVDTVVLHSVSI
Feruloyl-CoA	CC(C)(COP(=O)([O-])OP(=O)([O-])OC[C@@H]1[C@H]([C@H]([C@@H](O1)N2C=NC3=C(N=CN=C32)N)O)OP(=O)([O-])[O-])[C@H](C(=O)NCCC(=O)NCCSC(=O)/C=C/C4=CC(=C(C=C4)O)OC)O	YMAPSLDACQDIVVVEVPKLGKEAAQKAIKKWRQPKSKITHLVFCTTSGVDMPKLLGLRPSVKGFMMYQQGCFAGGTVLRMAKDLAENNAGARDLVVCAEITNIMFWGPNGSPLDSLIERLLFGDGAAAVIVGSDPVVGVERPLFQLVSAAVAVDGGGEGVISNYFWKGGFSLLHLLDEGGLANNPIYIIASTLVNKL
Feruloyl-CoA	CC(C)(COP(=O)([O-])OP(=O)([O-])OC[C@@H]1[C@H]([C@H]([C@@H](O1)N2C=NC3=C(N=CN=C32)N)O)OP(=O)([O-])[O-])[C@H](C(=O)NCCC(=O)NCCSC(=O)/C=C/C4=CC(=C(C=C4)O)OC)O	MPGADNQLIELLDLRPSIKRVMIYENGCYAGGTAIRLAKDLAENNKGARVLFVCSEITAIGFRGPDETHLDGLVGQALFGDGAGAIIVGSDPLPDIEKPLFQIVSASQTIIPDTKSMLRGHIREVGLKYHLHKSIPELIANSIENSLVEAFLPLGIVDWNSLFWLYIQGALRSWTG
Feruloyl-CoA	CC(C)(COP(=O)([O-])OP(=O)([O-])OC[C@@H]1[C@H]([C@H]([C@@H](O1)N2C=NC3=C(N=CN=C32)N)O)OP(=O)([O-])[O-])[C@H](C(=O)NCCC(=O)NCCSC(=O)/C=C/C4=CC(=C(C=C4)O)OC)O	MVTVEEVRKAQRAEGPATVLAIGTSTPPNCVDQSTYPDYYFRITNSEHKTELKEKFKRMCEKSMIKRRYMYLTEEILKENPNICAYMATSLDARQDMVVVEVPKLGKEAATRAIKEWGQPKSKITHLVFCTTSGVDMPGADYQLTKLLGLRPSVKRLMMYQQGCFAGGTVLRVAKDLAENNKGARVLVVCSEITAVTFRGPSDTHLDSLVGQALFGDGAAAVIIGADPVPEIEKPMFELVSAAQTILPDSDGAIDGHLREVGLTFHLLKDVPGLISKNIEKSLAEAFQPLGISDWNSLFWIAHPGGPAILDQVEAKLALKPEKLRATRHVLSEYGNMSSACVLFILDEMRKKSREDGLKTTGEGLEWGVLFGFGPGLTVETVVLHSISA
Feruloyl-CoA	CC(C)(COP(=O)([O-])OP(=O)([O-])OC[C@@H]1[C@H]([C@H]([C@@H](O1)N2C=NC3=C(N=CN=C32)N)O)OP(=O)([O-])[O-])[C@H](C(=O)NCCC(=O)NCCSC(=O)/C=C/C4=CC(=C(C=C4)O)OC)O	MVTVEEFRRAQCAEGPATVMAIGTATPSNCVDQSTYPDYYFRITNSEHKVELKEKFKRMCEKSMIKKRYMHLTEEILKENPNICAYMAPSLDARQDIVVVEVPKLGKEAAQKAIKEWGQPKSKITHLVFCTTSGVDMPGCDYQLTKLLGLRPSVKRFMMYQQGCFAGGTVLRMAKDLAENNKGARVLVVCSEITAVTFRGPNDTHLDSLVGQALFGDGAAAVIIGSDPIPEVERPLFELVSAAQTLLPDSEGAIDGHLREVGLTFHLLKDVPGLISKNIEKSLVEAFQPLGISDWNSLFWIAHPGGPAILDQVELKLGLKQEKLKATRKVLSNYGNMSSACVLFILDEMRKASAKEGLGTTGEGLEWGVLFGFGPGLTVETVVLHSVAT
Feruloyl-CoA	CC(C)(COP(=O)([O-])OP(=O)([O-])OC[C@@H]1[C@H]([C@H]([C@@H](O1)N2C=NC3=C(N=CN=C32)N)O)OP(=O)([O-])[O-])[C@H](C(=O)NCCC(=O)NCCSC(=O)/C=C/C4=CC(=C(C=C4)O)OC)O	MTAMSFRGPSGTHMATLVEQSLFADGAAAVVVGSDAAAGVERPLFQIISIAQTLLPESEGCIQGHLTDCGMMVELEKDVPKLISKYIGASLSEAFDPLGISDWNSIFWIVHPGGRAILDDVEAELALRPEKLRKSRRVLSEYGNMSSACVLFIMDEMRKSSAEEGLSSTGEGLDWGVMFGFGPGITVETVVLRSVAIS
Feruloyl-CoA	CC(C)(COP(=O)([O-])OP(=O)([O-])OC[C@@H]1[C@H]([C@H]([C@@H](O1)N2C=NC3=C(N=CN=C32)N)O)OP(=O)([O-])[O-])[C@H](C(=O)NCCC(=O)NCCSC(=O)/C=C/C4=CC(=C(C=C4)O)OC)O	MVTVEEVRKAQRAEGPATVLAIGTSTPPNCVDQSTYPDYYFRITNSEHKTELKEKFKRMCEKSMIKKRYMYLTEEILKENPNVCEYMAPSLDARQDMVVVEVPRLGKEAATKAIKEWGQPKSKITHLVFCTTSGVDMPGADYQLTKLLGLRPSVKRLMMYQQGCFAGGTVLRVAKDLAENNKGARVLVVCSEITAVTFRGPSDTHLDSLVGQALFGDGAAAVIVGADPLPEIEKPMFELVSAAQTILPDSDGAIDGHLREVGLTFHLLKDVPGLISKNIEKSLAEAFQPLGISDWNSLFWIAHPGGPAILDQVEAKLALKPEKLRATRHVLSEYGNMSSACVLFILDEMRKKSKEDGLGTTGEGLEWGVLFGFGPGLTVETVVLHSISA
Feruloyl-CoA	CC(C)(COP(=O)([O-])OP(=O)([O-])OC[C@@H]1[C@H]([C@H]([C@@H](O1)N2C=NC3=C(N=CN=C32)N)O)OP(=O)([O-])[O-])[C@H](C(=O)NCCC(=O)NCCSC(=O)/C=C/C4=CC(=C(C=C4)O)OC)O	MVTFDEIRQAQRADGPATVLAIGTATPQNCVDQSTYPDYYFRITNSEHKTELKEKFQRMCDKSMIKKRYMYLTEEILKENPSVCEYMAPSLDARQDMVVVEVPRLGKEAATKAIKEWGQPKSKITHLIFCTTSGVDMPGADYQLTKLLGLRPYVKRYMMYQQGCFAGGTVLRLAKDLAENNKGARVLVVCSEITAVTFRGPSDTHLDSLVGQALFGDGAAAVIVGSDPLPQVEKPLFELVWTAQTILPDSEGAIDGHLREVGLTFHLLKDVPGLISKNIEKALAEAFQPLGISDYNSIFWIAHPGGPAILDQVEAKLSLKPEKMQATRHVLSEYGNMSSACVLFILDEMRRKSKEDGLATTGEGLEWGVLFGFGPGLTVETVVLHSVAT
Feruloyl-CoA	CC(C)(COP(=O)([O-])OP(=O)([O-])OC[C@@H]1[C@H]([C@H]([C@@H](O1)N2C=NC3=C(N=CN=C32)N)O)OP(=O)([O-])[O-])[C@H](C(=O)NCCC(=O)NCCSC(=O)/C=C/C4=CC(=C(C=C4)O)OC)O	MVTVEEVRKAQRAEGPATVLAIGTATPPNCVDQATYPDYYFRITNSEHKAELKEKFQRMCDKSMIKKRYMYLTEEILKENPTMCEYMAPSLDARQDMVVVEIPKLGKEAATKAIKEWGQPKSKITHLVFCTTSGVDMPGADYQLTKLLGLRPSVKRLMMYQQGCFAGGTVLRLAKDLAENNKGARVLVVCSEITAVTFRGPSDTHLDSLVGQALFGDGAAAVIVGADPIPEIEKPLFEVVSAAQTILPDSDGAIDGHLREVGLTFHLLKDVPGLISKNIEKSLNEAFQPLGISDWNSLFWIAHPGGPAILDQVESKLGLKPEKLEATRHILSEYGNMSSACVLFILDEVRKRAAEKGLKTTGDGLDWGVLFGFGPGLTVETVVLHSVGLNA
Feruloyl-CoA	CC(C)(COP(=O)([O-])OP(=O)([O-])OC[C@@H]1[C@H]([C@H]([C@@H](O1)N2C=NC3=C(N=CN=C32)N)O)OP(=O)([O-])[O-])[C@H](C(=O)NCCC(=O)NCCSC(=O)/C=C/C4=CC(=C(C=C4)O)OC)O	MVSVEEIRKAQRAEGPATVMAIGTATPPNCVDQSTYPDYYFRITNSDHMTELKEKFKRMCDKSMIKKRYMYLNEEILKENPSVCAYMAPSLDARQDMVVVEVPKLGKEAATKAIKEWGQPKSKITHLIFCTTSGVDMPGADYQLTKLLGLRPSVKRYMMYQQGCFAGGTVLRLAKDLAENNTGARVLVVCSEITAVTFRGPSDTHLDSLVGQALFGDGAAAVILGSDPLPAEKPLFELVWTAQTILPDSEGAIDGHLREVGLTFHLLKDVPGLISKNIQKALVEAFQPLGIDDYNSIFWIAHPGGPAILDQVEAKLGLKPEKMEATRHVLSEYGNMSSACVLFILDQMRKKSIENGLGTTGEGLEWGVLFGFGPGLTVETVVLRSVTV
Feruloyl-CoA	CC(C)(COP(=O)([O-])OP(=O)([O-])OC[C@@H]1[C@H]([C@H]([C@@H](O1)N2C=NC3=C(N=CN=C32)N)O)OP(=O)([O-])[O-])[C@H](C(=O)NCCC(=O)NCCSC(=O)/C=C/C4=CC(=C(C=C4)O)OC)O	MAAASIEDIRRAQRAEGPATILAIGTATPANCVEQTEYPDFYFRITNSEHMTDLKEKFQRMCEKSQIKKRYMHLTEEILKENPNMCAYMAPSLDARQDIVVVEVPKLGKEAAQKAIKEWGQPKSKITHLVFCTTSGVDMPGCDYQLTKLLGLRPSVKRFMMYQQGCFAGGTVLRMAKDLAENNAGARVLVVCSEITAVTFRGPNGSHLDSLVGQALFGDGAAAVIVGSDPVVGVERPLFQLVSAAQTLLPDSHGAIDGHLREVGLTFHLLKDVPGLISKHIGKSLKEAFDPLGISDWNSIFWIAHPGGPAILDQVESTLALKPEKLRSTRHVLSEYGNMSSACVLFILDEMRKSSAKEGMSTTGEGLNWGVLFGFGPGLTVETVVLHSVAIN
Feruloyl-CoA	CC(C)(COP(=O)([O-])OP(=O)([O-])OC[C@@H]1[C@H]([C@H]([C@@H](O1)N2C=NC3=C(N=CN=C32)N)O)OP(=O)([O-])[O-])[C@H](C(=O)NCCC(=O)NCCSC(=O)/C=C/C4=CC(=C(C=C4)O)OC)O	MVSVEEIRNAQRAEGPATVMAIGTATPPNCVDQSTYPDYYFRITNSEHMTELKEKFKRMCDKSMIKKRYMYLNEEILKENPSVCAYMAPSLDARQDMVVVEVPKLGKEAATKAIKEWGQPKSKITHLIFCTTSGVDMPGADYQLTKLLGLRPSVKRYMMYQQGCFAGGTVLRLAKDLAENNKGARVLVVCSEITAVTFRGPTDTHLDSLVGQALFGDGAAAVIVGSDPLPVEKPLFQLVWTAQTILPDSEGAIDGHLGEVGLTFHLLKDVPGLISKNIEKALVEAFQPLGISDYNSIFWIAHPGGPAILDQVEAKLGLKPEKMEATRHVLSEYGNMSSACVLFILDQMRKKSIENGLGTTGEGLDWGVLFGFGPGLTVETVVLRSVTV
Feruloyl-CoA	CC(C)(COP(=O)([O-])OP(=O)([O-])OC[C@@H]1[C@H]([C@H]([C@@H](O1)N2C=NC3=C(N=CN=C32)N)O)OP(=O)([O-])[O-])[C@H](C(=O)NCCC(=O)NCCSC(=O)/C=C/C4=CC(=C(C=C4)O)OC)O	MVDPYSYKKIYIESLQELQRQFDELQRDLSDFEERVRRAQLLPDENCQVDNNNSDGSVIKKRYIHLTEEILKENPNICEHNAPSFNARQDIVVVEVPKLGKEAAQKAINEWGQPKSKITHLVFCTTSGVDMPGADYQLTKLLGLSPSVKRFMMYQQGCSGGGAVLRLAKDLAENNKGARVLVVCSEILAITFHGPSDTEVDVLIGQVLFGDGAAAVIIGSDPNLEVERPLFELVFATQTLLPDTGYAVYGKTSEAELKFHLHKNVPRLISNDIEKSLVEIFEPLGISYWNSIFWVVHAGGRAIMDKVESKLGLKPEKLRATRHVLSEYGNVASACVLFVLDEIRKNSIKEGLDTTGEGLEWGVLFGFGPGLTIETLVLRSVSNIHK
Feruloyl-CoA	CC(C)(COP(=O)([O-])OP(=O)([O-])OC[C@@H]1[C@H]([C@H]([C@@H](O1)N2C=NC3=C(N=CN=C32)N)O)OP(=O)([O-])[O-])[C@H](C(=O)NCCC(=O)NCCSC(=O)/C=C/C4=CC(=C(C=C4)O)OC)O	MVTVEEYRKAQRAEGPATILAIGTSTPSNCVDQSTYPDYYFRITNSEHKTELKEKFKRMCDKSMIKKRYMHLTEEILKENPNMCAYMAPSLDARQDIVVVEVPKLGKRGTQKAIKEWGQPKSKITHLVFCTTSGVDMPACDYQLAKLLPVRPSVKRLMMYQQGCFAGGTVLRLAKDLAENNKGARVLVVCSEITAVTFRGPSESHLDSLVGQALFGDGAAAIIIGSDPIIGVERPLFELVSAAQTLVPDSEGAIDGHLREVGLTFHLLKDVPGLISKNIEKSLLEAFQPLGISDWNSLFWIAHPGGPAILDQVELKLGLKPEKLRATREVLSNYGNMSSACVLFILDEMRKASTKEGLGTTGEGLEWGVLFGFGPGLTVETVVLHSVAA
Feruloyl-CoA	CC(C)(COP(=O)([O-])OP(=O)([O-])OC[C@@H]1[C@H]([C@H]([C@@H](O1)N2C=NC3=C(N=CN=C32)N)O)OP(=O)([O-])[O-])[C@H](C(=O)NCCC(=O)NCCSC(=O)/C=C/C4=CC(=C(C=C4)O)OC)O	MVTVNEIRQAQRAEGPATVLAIGTANPLNCVDQSTYPDFYFRITNSEHKTELKEKFQRMCDKSMIKKRYMHLTEQILKENPSFCEFMAPSLDARQDIVVEEVPKLGKEAAIKAINEWGQPKSMVTHLIFCTSSGVDMPGADYQLTKLLGLCPYVKRYMMYQQGCFAGAMALRLAKDLAENNKGARVLMVSSEIRVFNFRGPSDTDLDSLMGRALFGDGAAAVIVGSDPLPEVEKPLFELVWTAQTIIPDSEGAIKAHTREAGLTLHIIKDVPDLISKNIEKTLVEAFQPLNISDYNSIFWIAHPGGRAILDQVEAKLGLKPEKMQATRHVLSEYGNMSSPSVLFILDEMRRKSKEEGLGTTGEGLEWGVLLSFGPGLTVETVVLHSVAT
Feruloyl-CoA	CC(C)(COP(=O)([O-])OP(=O)([O-])OC[C@@H]1[C@H]([C@H]([C@@H](O1)N2C=NC3=C(N=CN=C32)N)O)OP(=O)([O-])[O-])[C@H](C(=O)NCCC(=O)NCCSC(=O)/C=C/C4=CC(=C(C=C4)O)OC)O	MVTVEEVRKAQRAQGPATVLAIGTSTPPNCVDQSTYPDYYFRITNSEHKTELKEKFKRMCEKSMIKKRYMYLTEEILKENPNVCAYMEPSLDARQDMVVVEVPKLGKEAAARAIKEWGQPKSKITHLVFCTTSGVDMPGADYQLTKLLGLRPSVKRLMMYQQGCFAGGTVLRVAKDLAENKKGARVLVVCSEITAVTFRGPSDTHLDSLVGQALFGDGAAAVIIGSDPIPEIEKPLFELVSTAQTILPDSDGAIDGHLREVGLTFHLLKDVPGLISKNIEKSLVEAFQPLGITDWNSLFWIAHPGGPAILDQVEAKLALKPEKLRATRHVLSEYGNMSSACVLFILDEMRNKSREDGVQTTGEGLEWGVLFGFGPGLTVETVVLHSIPA
Feruloyl-CoA	CC(C)(COP(=O)([O-])OP(=O)([O-])OC[C@@H]1[C@H]([C@H]([C@@H](O1)N2C=NC3=C(N=CN=C32)N)O)OP(=O)([O-])[O-])[C@H](C(=O)NCCC(=O)NCCSC(=O)/C=C/C4=CC(=C(C=C4)O)OC)O	MVTVEEVRKAQRAEGPATVLAIGTATPPNCVDQATYPDYYFRITNSEHKTELKEKFQRMCDKSMIKKRYMYLTEEILKENPSMCEYMAPSLDARQDMVVVEIPKLGKEAATKAIKEWGQPKSKITHLVFCTTSGVDMPGADYQLTKLLGLRSSVKRLMMYQQGCFAGGTVLRLAKDLAENNRGARVLVVCSEITAVTFRGPSDTHLDSLVGQALFGDGAAAIIVGSDPIPEIEKPLFEVVSAAQTILPDSDGAIDGHLREVGLTFHLLKDVPGLISKNIEKSLNEAFQPLGISDWNSLFWIAHPGGPAILDQVESKLSLKPEKLEATRHILSEYGNMSSACVLFILDEVRKRAAEKGLKTTGDGLDWGVLFGFGPGLTVETVVLHSVGLNA
Feruloyl-CoA	CC(C)(COP(=O)([O-])OP(=O)([O-])OC[C@@H]1[C@H]([C@H]([C@@H](O1)N2C=NC3=C(N=CN=C32)N)O)OP(=O)([O-])[O-])[C@H](C(=O)NCCC(=O)NCCSC(=O)/C=C/C4=CC(=C(C=C4)O)OC)O	MVSVEEIRKAQRAEGPATVMAIGTATPPNCVDQSTYPDYYFRITNSEHMTELKEKFKRMCDKSMIKKRYMYLNEEILKENPSVCAYMAPSLDARQDMVVMEVPKLGKEAATKAIKEWGQPKSKITHLIFCTTSGVDMPGADYQLTKLLGLRPSVKRYMMYQQGCFAGGTVLRLAKDLAENNKGARVLVVCSEITAVTFRGPTDTHLDSLVGQALFGDGAAAVIVGSDPLPVEKPLFQLVWTAQTILPDSEGAIDGHLREVGLTFHLLKDVPGLISKNIEKALVEAFQPLGISDYNSIFWIAHPGGPAILDQVEAKLGLKPEKMEATRHVLSEYGNMSSACVLFILDQMRKKSIENGLGTTGEGLDWGVLFGFGPGLTVETVVLRSVTV
Feruloyl-CoA	CC(C)(COP(=O)([O-])OP(=O)([O-])OC[C@@H]1[C@H]([C@H]([C@@H](O1)N2C=NC3=C(N=CN=C32)N)O)OP(=O)([O-])[O-])[C@H](C(=O)NCCC(=O)NCCSC(=O)/C=C/C4=CC(=C(C=C4)O)OC)O	MGSVPAATPSVREICRAQRADGPAAVLAIGTANPAHCVPQDEFPDFYFRATNSDHLTALKGKFKRVFQKLGVERRYLHHTEELLRAHPEFLDDEAASLDARLDIVATAVPELAAEASKKAIAEWGRPAADITHLVVTTNSGAHIPGVDFRLIALLGLRPSVRRTMLYLNGCFAGSAALRLAKDLAENNRGARVLVVCAELTLMLFNGPKEGSFERLIHQGLFGDGAGAVVVGADPLSPVEHALFEMVSAAQTVIPDSGDAITMHITKGGFGGNISTREVPVFIGDNVERCLHDSLEPLGVGAKWNDLFWAVHPGSSAILDRIDTVLQLEPEKLAASRRVLSDYGNMFGVTIIFVLDELRRRLREQEGVGGAPEWGVVMTFGPGLTVETMVLHATGHMHASP
Feruloyl-CoA	CC(C)(COP(=O)([O-])OP(=O)([O-])OC[C@@H]1[C@H]([C@H]([C@@H](O1)N2C=NC3=C(N=CN=C32)N)O)OP(=O)([O-])[O-])[C@H](C(=O)NCCC(=O)NCCSC(=O)/C=C/C4=CC(=C(C=C4)O)OC)O	MVTVEEYRKAQRAEGPATILAIGTSTPSNCVDQSTYPDYYFRITNSEHKTELKEKFKRMCDKSMIKKRYMHLTEEILKENPNMCAYMAPSLDARQDIVVVEVPKLGKEAAQKAIKEWGQPKSKITHLVFCTTSGVDMPGCDYQLAKLLGLRPSVKRLMMYQQGCFAGGTVLRLAKDLAENNKGARVLVVCSEITAVTFRGPSESHLDSLVGQALFGDGAAAIIIGSDPIIGVERPLFELVSAAQTLVPDSEGAIDGHLREVGLTFHLLKDVPGLISKNIEKSLLEAFQPLGISDWNSLFWIAHPGGPAILDQVELKLGLKPEKLRATREVLSNYGNMSSACVLFILDEMRKASTKEGLGTTGEGLEWGVLFGFGPGLTVETVVLHSVAA
Feruloyl-CoA	CC(C)(COP(=O)([O-])OP(=O)([O-])OC[C@@H]1[C@H]([C@H]([C@@H](O1)N2C=NC3=C(N=CN=C32)N)O)OP(=O)([O-])[O-])[C@H](C(=O)NCCC(=O)NCCSC(=O)/C=C/C4=CC(=C(C=C4)O)OC)O	MPGADYQLTKLLGLSPSVKRFMMYQQGCFGGGAVLRLAKDLTENNKGARVLVVCAEITVVTFHGPSDTDLDVLVGQVLFGDGAAAVIIGSDPILEVEKPLFELVSATQTLISDTRYAVYVLIGTLIFWVVHAGGRAILDQVELKLGLEPEKLRATRHVLSEYGNVASACVLFVLDEMRKYSIKEWYLPSIRSFHLSSKSPTPALSCRIIAPDPD
Feruloyl-CoA	CC(C)(COP(=O)([O-])OP(=O)([O-])OC[C@@H]1[C@H]([C@H]([C@@H](O1)N2C=NC3=C(N=CN=C32)N)O)OP(=O)([O-])[O-])[C@H](C(=O)NCCC(=O)NCCSC(=O)/C=C/C4=CC(=C(C=C4)O)OC)O	MVTVNEIRQAQRAEGPATVFAIGTANPQNCVDQSTYPDFYFRITNSEHKTELREKFQRMCDKSMIKKRYMHLTEEILKENPSLCEYMAPSLDARQDMVVVEVPKLGKEAATKAIKEWGQPKSKITHLIFCTTSGVDMPGADYQLTKLLGLRPYVKRYMMYQQGCFAGGTVLRLAKDLAENNKGARVLVVCSEITAVTFRGPSDTHLDSLVGQALFGDGAAAVIVGSDPLPEVEKPLFELVWTAQTIVPDSEGAIDGHLREAGLTFHLLKDVPGLVSKNIEKALVEAFQPLNISDYNSIFWIAHPGGPAILDQVELKLGLKPEKMQATRHVLSEYGNMSSACVLFILDEMRMKSKEDGLATTGEGLEWGVLFGFGPGLTIETVVLRSVST
Feruloyl-CoA	CC(C)(COP(=O)([O-])OP(=O)([O-])OC[C@@H]1[C@H]([C@H]([C@@H](O1)N2C=NC3=C(N=CN=C32)N)O)OP(=O)([O-])[O-])[C@H](C(=O)NCCC(=O)NCCSC(=O)/C=C/C4=CC(=C(C=C4)O)OC)O	MGSVPAATPSVREIWRAQRADGPAAVLAIGTANPAHCVPQDEFPDFYFRATNSDHLTALKGKFKRVFQKLGVEKRYLHHTEELLRAHPEFLDDQAASLDARLDIVATAVPELAAEASKKAIAEWGRPAADITHLVVTTNSGAHIPGVDFRLIALLGLRPNVRRTMLYLNGCFAGSAALRLAKDLAENNRGARVLVVCAELTLMLFNGPKEGSFERLIHQGLFGDGAGAVVVGADPLSPVEHALFEMVSAAQTVIPDSGDAITMHITKGGRRVLSDYGNMFGVTIIFVLDELRRRLREQEGVGGAPEWGVVMTFGPGLTVETMVLHATEHMHASP
Feruloyl-CoA	CC(C)(COP(=O)([O-])OP(=O)([O-])OC[C@@H]1[C@H]([C@H]([C@@H](O1)N2C=NC3=C(N=CN=C32)N)O)OP(=O)([O-])[O-])[C@H](C(=O)NCCC(=O)NCCSC(=O)/C=C/C4=CC(=C(C=C4)O)OC)O	MLTVEEVRKAQRAEGPATVLAIGTSTPPNCVDQSTYPDYYFRITNSEHKTELKEKFKRMCEKSMIKKRYMYLTEEILKENPNVCEYMAPSLDARQDMVVVEVPRLGKEAATKAIKEWGQPKSKITHLVFCTTSGVDMPGADYQLTKLLGLRPSVKRLMMYQQGCFAGGTVLRVAKDLAENNKGARVLVVCSEITAVTFRGPSDTHLDSLVGQALFGDGAAAVIVGADPLPEIEKPMFELVSAAQTILPDSDGAIDGHLREVGLTFHLLKDVPGLISKNIEKSLAEAFQPLGISDWNSLFWIAHPGGPAILDQVEAKLALKSEKLRATRHVLSEYGNMSSACVLFILDEMRKKSKEDGLGTTGEGLEWGVLFGFGPGLTVETVVLHSISA
Feruloyl-CoA	CC(C)(COP(=O)([O-])OP(=O)([O-])OC[C@@H]1[C@H]([C@H]([C@@H](O1)N2C=NC3=C(N=CN=C32)N)O)OP(=O)([O-])[O-])[C@H](C(=O)NCCC(=O)NCCSC(=O)/C=C/C4=CC(=C(C=C4)O)OC)O	MVTVEEVRKAQRAQGPATVLAIGTSTPPNCVDQSTYPDYYFRITNSEHKTELKEKFKRMCEKSMIKKRYMYLTEEILKENPNVCEYMAPSLDARQDMVVVEVPKLGKEAATKAIKEWGQPKSKITHLVFCTTSGVDMPGADYQLTKLLGLRPSVKRLMMYQQGCFAGGTVLRVAKDLAENNKGARVLVVCSEITAVTFRGPSDTHLDSLVGQALFGDGAAAVIIGADPMPEIEKPMFEIVSVAQTILPDSDGAIDGHLREVGLTFHLLKDVPGLISKNIEKSLVEAFQPLGISDWNSLFWIAHPGGPAILDQVEAKLALKPEKLRATRHVLSEYGNMSSACVLFILDEMRKKSREDGLQTTGEGLEWGVLFGFGPGLTVETVVLHSVAA
Feruloyl-CoA	CC(C)(COP(=O)([O-])OP(=O)([O-])OC[C@@H]1[C@H]([C@H]([C@@H](O1)N2C=NC3=C(N=CN=C32)N)O)OP(=O)([O-])[O-])[C@H](C(=O)NCCC(=O)NCCSC(=O)/C=C/C4=CC(=C(C=C4)O)OC)O	MVTVEEFRRAQRAEGPATVMAIGTATPSNCVDQSTYPDYYFRITNSEHKTELKEKFKRMCEKSMIKKRYMHLTEEILKENPNICAYMAPSLDARQDIVVVEVPKLGKEAAQKAIKEWGQPKSKISHLVFCTTSGVDMPGCDYQLTKLLGLRPSVKRFMMYQQGCFAGGTVLRMAKDLAENNKGARVLVVCSEITAVTFRGPNDTHLDSLVGQALFGDGAAAVIVGSDPIPDVERPLFELVSAAQTLLPDSEGAIDGHLREVGLTFHLLKDVPGLISKNIEKSLVEAFQPLGISDWNSLFWIAHPGGPAILDQVELKLGLKQEKLKATRNVLSNYGNMSSACVLFILDEMRKASAKEGLGTTGEGLEWGVLFGFGPGLTVETVVLHSVAT
Feruloyl-CoA	CC(C)(COP(=O)([O-])OP(=O)([O-])OC[C@@H]1[C@H]([C@H]([C@@H](O1)N2C=NC3=C(N=CN=C32)N)O)OP(=O)([O-])[O-])[C@H](C(=O)NCCC(=O)NCCSC(=O)/C=C/C4=CC(=C(C=C4)O)OC)O	MVTVDEVRKAQRAEGPAVILAIGTSTPPNCVDQSTYPDYYFRITNSEHKVELKEKFKRMCEKSMIKKRYMHLTEEILKENPSVCEYMAPSLDARQDMVVVEVPKLGKEAAAKAIKEWGQPKSKITHLVFCTTSGVDMPGADYQLTKLLGLRSSVKRFMMYQQGCFAGGTVLRLAKDLAENNKGARVLVVCSEITAVTFRGPSDTHLDSLVGQALFGDGAAAIIIGSDPVLGVEKPLFELVSAAQTILPDSDGAIDGHLREVGLTFHLLKDVPGLISKNIEKSLTEAFKPLGISDWNSLFWIAHPGGPAILDQVEAKLELKPEKLRATRQVLADYGNMSSACVLFILDEMRKKSAKDGLKSTGEGLEWGVLFGFGPGLTVETVVLHSVASI
Feruloyl-CoA	CC(C)(COP(=O)([O-])OP(=O)([O-])OC[C@@H]1[C@H]([C@H]([C@@H](O1)N2C=NC3=C(N=CN=C32)N)O)OP(=O)([O-])[O-])[C@H](C(=O)NCCC(=O)NCCSC(=O)/C=C/C4=CC(=C(C=C4)O)OC)O	MVTVDEIRKSQRAEGPATIMAIGTSTPPNCVDQSTYPEYYFRITNSEHKAELKEKFKRMCEKSMIKKRYMYLTEEILKENPSVCEYMAPSLDARQDMVVVEVPKLGKEAATKAIKEWGQPKSKITHLVFCTTSGVDMPGADYQLTKLLGLRSSVKRFMMYQQGCFAGGTVLRLAKDLAENNKGARVLVVCSEITAVTFRGPSDTHLDSLVGQALFGDGAAALVIGSDPVIGVEKPLFELVSAAQTILPDSDGAIDGHLREVGLTFHLLKDVPGLISKNVEKSLTEAFKPLGISDWNSLFWIAHPGGPAILDQVEAKLALKPEKLRATRHVLSEYGNMSSACVLFILDEMRKKSAEDGLQSTGEGLEWGVLFGFGPGLTVETVVLHSVAPTI
Feruloyl-CoA	CC(C)(COP(=O)([O-])OP(=O)([O-])OC[C@@H]1[C@H]([C@H]([C@@H](O1)N2C=NC3=C(N=CN=C32)N)O)OP(=O)([O-])[O-])[C@H](C(=O)NCCC(=O)NCCSC(=O)/C=C/C4=CC(=C(C=C4)O)OC)O	MVSMEEIRKAQRAQGPATIMAIGTATPPTCVLQSTYPDFYFRVTKSEHMKELKEKFRRMCDKSTIKTRYMYLTEEILKDKPNLCAHMAPSLDERQDIAIVEVPKLGAEAATHAIKEWGQPKSKITHLVVSSINGVDMPGADYHITKLLGLSPSVKRVMMYLQEAGGTALRLAKDLAENNKGARVLVVCSEIATGTFRGPGEMHPDSLIAQALFGDGAAAVIVGSDPLFDVEKPLFEIISSSQTILPNSEGAIEAHLREAGLIVRLRKDVPELIAKHIEESLVEAFKPLGIVDWNSLFWIAHPGGPAFLDQIEEKLSLTPDKLRATRHVLSKYGNLSSACVLFILNEMRHASANITGDDLEWGVLFGFGPGLTIDTVVLHNVSN
Feruloyl-CoA	CC(C)(COP(=O)([O-])OP(=O)([O-])OC[C@@H]1[C@H]([C@H]([C@@H](O1)N2C=NC3=C(N=CN=C32)N)O)OP(=O)([O-])[O-])[C@H](C(=O)NCCC(=O)NCCSC(=O)/C=C/C4=CC(=C(C=C4)O)OC)O	MGAVEMIRENQRAKGPATILAIGTANPANCVYQAEYPHYYFRMTKSEHMTALKQKFIRICDKSMIHKRYMHLTEELMEKHPEICSYDDPSLNPRQDIIIDTIPKLGEEAALKAIKEWGQPKSKITHIVFCSTSGVDMPGADYQLMRLLGLSPSVKRVMLYHQGCFAGGTVLRVAKDLAENNAGARVLVVCSEITVTTFRGPSAENLANLVGQAIFGDGAAALIIGSDPEIPAERPIFQLVWTAETVLPNSEGAIEGQLRDVGLTFGLSDRVPHLIADHIEKSLKEAFDSLGISDWNSIFWVPHPGGPAILNQIEAKLGLKKERLRAVRHVLREYGNMSSACVSFILDEMRRKSAEEGLATPGEGLEWGVLFGFGPGLTVETVVLHSVPTVTHG
Feruloyl-CoA	CC(C)(COP(=O)([O-])OP(=O)([O-])OC[C@@H]1[C@H]([C@H]([C@@H](O1)N2C=NC3=C(N=CN=C32)N)O)OP(=O)([O-])[O-])[C@H](C(=O)NCCC(=O)NCCSC(=O)/C=C/C4=CC(=C(C=C4)O)OC)O	MRKLSVFASNTSEAGADIHLAKLLNLRHDVQRLAISFQGCAAGGTALRIAKTIVDSSPGARVLVACCDITSPHIDRQNEEDLRDVSMMISTVLFGDGASSVIVGSSFSLELQEKPLFEISSAAQVLVPDTSEHITIKLRPSGLHVDLSREVPRAISTNIAQVMSRVLPGFPFYNDLFWAVHPGGPAILDAVEQALELDRHKLAASRHVLAECGNMSCAACLFVIDEVRRRAVKGGEDPCRWGALVAFGPGMTVEAFLLKRCQEENV
Feruloyl-CoA	CC(C)(COP(=O)([O-])OP(=O)([O-])OC[C@@H]1[C@H]([C@H]([C@@H](O1)N2C=NC3=C(N=CN=C32)N)O)OP(=O)([O-])[O-])[C@H](C(=O)NCCC(=O)NCCSC(=O)/C=C/C4=CC(=C(C=C4)O)OC)O	MVTVEEYRKAQRAEGPATILAIGTSTPSNCVDQSTYPDYYFRITNSEHKTELKEKFKRMCDKSMIKKRYMHLTEEILKENPNMCAYMAPSLDARQDIVVVEVPKLGKEAAQKAIKEWGQPKSKITHLVFCTTSGVDMPGCDYQLAKLLGLRPSVKRLMMYQQGCFAGGTVLRLAKDLAENNKGARVLVVCSEITAVTFRGPSESHLDSLVGQALFGDGAAAIIMGSDPIIGVERPLFELVSAAQTLVPDSEGAIDGHLREVGLTFHLLKDVPGLISKNIEKSLLEAFQPLGISDWNSLFWIAHPGGPAILDQVELKLGLKQEKLRATREVLSNYGNMSSACVLFILDEMRKASTKEGLGTTGEGLEWGVLFGFGPGLTVETVVLHSVAT
Feruloyl-CoA	CC(C)(COP(=O)([O-])OP(=O)([O-])OC[C@@H]1[C@H]([C@H]([C@@H](O1)N2C=NC3=C(N=CN=C32)N)O)OP(=O)([O-])[O-])[C@H](C(=O)NCCC(=O)NCCSC(=O)/C=C/C4=CC(=C(C=C4)O)OC)O	MLSIQEFRKAQRAEGPANILAIGTATPPNCVLQTTYPDYYFRITKSEHKKDLKEKFTRMCEKSMIKKRYMYLTEEILNEKPNMCAYNAPSLDDRQDIVVVEVPKLGKEAATRAIKEWGQPKSKITHLVFCTTSGVDMPGADYQLTKLLGLRSSVKRFMMYQQGCFAGGTVLRMAKDLAENNKGARVLVVCSEITAVTFRGPDDSHLDSLVGQALFGDGAAAIIVGSDPLPDIEKPLFEIISAAQTILPDSRGAIDGHLREVGLTFHLLKDVPGLISKHIEESLVEAFQPLGIDDWNSLFWIAHPGGPAILDQVEEKLALTPDKLRATRHVLSEYGNMSSACVLFILNEMRHASATDGFSTTGEGLEWGVLFGFGPGLTVETVVLHSVPI
Feruloyl-CoA	CC(C)(COP(=O)([O-])OP(=O)([O-])OC[C@@H]1[C@H]([C@H]([C@@H](O1)N2C=NC3=C(N=CN=C32)N)O)OP(=O)([O-])[O-])[C@H](C(=O)NCCC(=O)NCCSC(=O)/C=C/C4=CC(=C(C=C4)O)OC)O	MVTVNEVRNAQRAEGPATVMAIGTATPPNCVDQSTYPDYYFRITNSEHKTELKEKFKRMCDKSMIKKRYMHLTEEILKENPNVCEYMAASLDARQDMVVVEVPKLGKEAAAKAIKEWGQPKSKITHLVFCTTSGVDMPGADYQLTKLLGLRPSVKRFMMYQQGCFAGGTVLRLAKDLAENNKGARVLVVCSEITAVTFRGPSDTHLDSLVGQALFGDGAAAVIVGSDPIPGVEKPMFELVSAAQTILPDSDGAIDGHLREVGLTFHLLKDVPGLISKNIEKSLNEAFQPLGIKDWNSIFWIAHPGGPAILDQVEEKLALKPEKLRSTRHVLSEYGNMSSACVLFILDEMRRKSAEEGLKTTGEGLEWGVLFGFGPGLTVETVVLHSVST
Feruloyl-CoA	CC(C)(COP(=O)([O-])OP(=O)([O-])OC[C@@H]1[C@H]([C@H]([C@@H](O1)N2C=NC3=C(N=CN=C32)N)O)OP(=O)([O-])[O-])[C@H](C(=O)NCCC(=O)NCCSC(=O)/C=C/C4=CC(=C(C=C4)O)OC)O	MVRSTRAEGPATILAIGNATPLNSVEQSTYSDYIVHVEHKMKLKEKFKRMCEKSMIKKQYMHLTEEIPKKNNIGEHMAPSLDARQDCGNDMPDADYQLTKVLNLNSNVKCYMVYQQGCFAGSTILRLAKDLVENNKGAHVLIVCSKITIFTLYGLSHINVDSLMGQAIFGDVVAAAIVGSNIIPNVEMPLFELVWTSQIIVPNSEGALSFHLREACLTFHLHKDVPELIPNNIEDVLDEAFKSFNIFYDYNYIFWIVHPGGLAILDLVEEKLGLKPEKMRGSKHVLSEYGNLASICVLFILDEMRRKSKETNQSFYNG
Feruloyl-CoA	CC(C)(COP(=O)([O-])OP(=O)([O-])OC[C@@H]1[C@H]([C@H]([C@@H](O1)N2C=NC3=C(N=CN=C32)N)O)OP(=O)([O-])[O-])[C@H](C(=O)NCCC(=O)NCCSC(=O)/C=C/C4=CC(=C(C=C4)O)OC)O	MVTVEDIRKAQRAEGPATVMAIGTANPPNCVDQSTYPDYYFRITNSEHKTELKEKFKRMCEKSMIKKRYMHLTEEILKENPNICEYMASSLDARQDMVVVEVPKLGKEAATKAIKEWGQPKSKITHLVFCTTSGVDMPGADYQLTKLLGLRPSVKRLMMYQQGCFAGGTVLRLAKDLAENNRGARVLVVCSELTAVTFRGPSDTHLDSLVGQALFGDGAAAVIVGADPVPGVEKPLFELVSAAQTILPDSHGAIDGHLREVGLTFHLLKDVPGLISKNIEKSLVEAFQPLGISDWNSIFWIAHPGGPAILDQVEEKLALKPEKLSATRHILSEYGNMSSACVLFILDEMRKKSIEDGLKTTGEGLEWGVLFGFGPGLTVETVVLHSIAA
Feruloyl-CoA	CC(C)(COP(=O)([O-])OP(=O)([O-])OC[C@@H]1[C@H]([C@H]([C@@H](O1)N2C=NC3=C(N=CN=C32)N)O)OP(=O)([O-])[O-])[C@H](C(=O)NCCC(=O)NCCSC(=O)/C=C/C4=CC(=C(C=C4)O)OC)O	MEGKFLEDARKLPQLINTGKGKFLEDARKLPELINTWKGKFLEDARKLPMWAPPSNFYNIYIYIINQSLMPCAANARPTYQDGFMQYQRVREDPIIGWIFEPLSTFLYYLSPDVPKLVGANIEELLVKGFSEIDGINNDWNALFYCIHPGGPAILDKVEEKLGLNEEKLRATRHVLREYGNMGAPSKSMEKGKATTGEGLEWGVLIGIGPGLTVETVVLHSVRIAAC
Feruloyl-CoA	CC(C)(COP(=O)([O-])OP(=O)([O-])OC[C@@H]1[C@H]([C@H]([C@@H](O1)N2C=NC3=C(N=CN=C32)N)O)OP(=O)([O-])[O-])[C@H](C(=O)NCCC(=O)NCCSC(=O)/C=C/C4=CC(=C(C=C4)O)OC)O	MVSVEEIRKAQRAEGPATVMAIGTATPPNCVDQSTYPDYYFRITNSEHMTELKEKFKRMCDKSMIKKRYMYLNEEILKENPSVCAYMAPSLDARQDMVVVEVPKLGKEAATKAIKEWGQPKSKITHLIFCTTSGVDMPGADYQLTKLLGLRPSVKRYMMYQQGCFAGGTVLRLAKDLAENNKGARVLVVCSEITAVTFRGPTDTHLDSLVGQALFGDGAAAVIVGSDPLPVEKPLFQLVWTAQTILPDSEGAIDGHLREVGLTFHLLKDVPGLISKNIEKALVEAFQPLGISDYNSIFWIAHPGGPAILDQVEAKLGLKPEKMEATRHVLSEYGNMSSACVLFILDQMRKKSIENGLGTTGEGLDWGVLFGFGPGLTVETVVLRSVTL
Feruloyl-CoA	CC(C)(COP(=O)([O-])OP(=O)([O-])OC[C@@H]1[C@H]([C@H]([C@@H](O1)N2C=NC3=C(N=CN=C32)N)O)OP(=O)([O-])[O-])[C@H](C(=O)NCCC(=O)NCCSC(=O)/C=C/C4=CC(=C(C=C4)O)OC)O	MVSVLELRMAQRAEGPATILAIGIATPINCVLQSTYPDYYFRVTNSENKKELKAKFKRMCDKSMIRKRYMHLTEDILKEKPSLCAYMAPSLDERQDIVVLEVPKLGAEAATHAIKEWGQPKSMITHLVFSTSCGVDMPGADNQITELLALRPSIKRVMIYENGCYAGGTAIRLAKDLAENNKGARVLVVCSEITAIGFRGPDETHLDGLVGQALFGDGAGAIIVGSDPLPDIEKPLFQIVSASQTIIPDTKSMLRGHVREVGLKYHLHKSIPELIANNIENSLVEAFQPLGIVDWNSLFWIVHPGGAGILDGVEEKLSLTPNKLRATRHILSEYGNMFSSCVLFILNEMRHSSTIDGFETTGEGLEWGVLFGFGPGLTIETVVLHSVRI
Feruloyl-CoA	CC(C)(COP(=O)([O-])OP(=O)([O-])OC[C@@H]1[C@H]([C@H]([C@@H](O1)N2C=NC3=C(N=CN=C32)N)O)OP(=O)([O-])[O-])[C@H](C(=O)NCCC(=O)NCCSC(=O)/C=C/C4=CC(=C(C=C4)O)OC)O	MVTVEDIRKAQRAEGPATVMAIGTANPPNCVDQSTYPDYYFRITNSEHKTELKEKFKRMCEKSMIKKRYMHLTEEILKENPNICEYMASSLDARQDMVVVEVPKLGKEAATKAIKEWGQPKSKITHLVFCTTSGVDMPGADYQLTKLHSHGAIDGHLREVGLTFHLLKDVPGLISKNIEKSLVEAFQPLGISDWNSIFWIAHPGGPAILDQVEEKLALKPEKLSATRHILSEYGNMSSACVLFILDEMRKKSIEDGLKTTGEGLEWGVLFGFGPGLTVETVVLHSIAA
Feruloyl-CoA	CC(C)(COP(=O)([O-])OP(=O)([O-])OC[C@@H]1[C@H]([C@H]([C@@H](O1)N2C=NC3=C(N=CN=C32)N)O)OP(=O)([O-])[O-])[C@H](C(=O)NCCC(=O)NCCSC(=O)/C=C/C4=CC(=C(C=C4)O)OC)O	MVTVDEVRKAQRAEGPATVLAIGTATPTNCVDQSTYPDYYFRITNSEHKTELKEKFQRMCDKSMIKKRYMHLTEDILKENPNICAYMAPSLDARQDIVVVEIPKLGKEAAVKAIKEWGQPKSKITHLVFCTTSGVDMPGADYQLTKLLGLRPSVKRLMMYQQGCFAGGTVLRLAKDLAENNKGARVLVVCSEITAVTFRGPSDTHLDSLVGQALFGDGAAAIIVGADPVPQVEKPLFELVSAAQTILPDSDGAIDGHLREVGLTFHLLKDVPGLISKNIEKSLVEAFQPLGISDWNSLFWIAHPGGPAILDQVEVKLGLKPEKLRATRHVLADYGNMSSACVLFILDEMRKKSTEDGLKTTGEGLEWGVLFGFGPGLTVETVVLHSVAT
Feruloyl-CoA	CC(C)(COP(=O)([O-])OP(=O)([O-])OC[C@@H]1[C@H]([C@H]([C@@H](O1)N2C=NC3=C(N=CN=C32)N)O)OP(=O)([O-])[O-])[C@H](C(=O)NCCC(=O)NCCSC(=O)/C=C/C4=CC(=C(C=C4)O)OC)O	YMAPSLDACQDIVVVEVPKLGKEAAQKAIKKWRQPKSKITHLVFCTTSGVDMPKLLGLRPSVKGFMMYQQGCFAGGTVLRMAKDLAENNAGARDLVVCAEITNIMFWGPNGSPLDSLIERLLFGDGAAAVIVGSDPVVGVERPLFQLVSAAVAVDGGGEVEAVVKGR
Feruloyl-CoA	CC(C)(COP(=O)([O-])OP(=O)([O-])OC[C@@H]1[C@H]([C@H]([C@@H](O1)N2C=NC3=C(N=CN=C32)N)O)OP(=O)([O-])[O-])[C@H](C(=O)NCCC(=O)NCCSC(=O)/C=C/C4=CC(=C(C=C4)O)OC)O	MSPKPYHLSTHSPHQPPPSHLPPPSHRLPPSHCPPPSHRRTPPTVAHVPPSHPSHLVHPPTVTQSPTSRHHHQHRHRQQSVWYYKDLVHLFSYRCLKIWSADYRRFTSKKTNTTLKSMVKKRYMHLTEEILKEKPNMCSYMAPSLNDRQDIAVAEVPKLGEQAVTQAIMEWGQPKSKITHLVFATSCGVDMPAADYQLTKLLGLRPSIKRFVMYQHGCYGGGSVLRMAKDLAENNKGARVLVVCSELSSVVSFHGPGETNIDNLVARALFSDGAAAMIVGSDPLLDVEKPLFEIVSASQTIVPDSEGVLDGHLREAGLIFHINDKIPKLVSKNIGTILKEAFQPFDIMDWNSIFWVVHPGGPAILNEVEEKLALRPDKLRASRRVLNEYGNMWGATVLFILNEMRRSSATFRLQTTGKGLEWGVLFGIGPGLTVETVVLRSVSL
Feruloyl-CoA	CC(C)(COP(=O)([O-])OP(=O)([O-])OC[C@@H]1[C@H]([C@H]([C@@H](O1)N2C=NC3=C(N=CN=C32)N)O)OP(=O)([O-])[O-])[C@H](C(=O)NCCC(=O)NCCSC(=O)/C=C/C4=CC(=C(C=C4)O)OC)O	MVTVEDVRRAQRAEGPATVMAIGTATPPNCVDQSTYPDYYFRITNSEHKTELKEKFKRMCDKSMIKKRYMYLTEEILKENPNVCAYMAPSLDARQDMVVVEVPKLGKEAATKAIKEWGQPKSKITHLVFCTTSGVDMPGADYQLTKLLGLRPSVKRLMMYQQGCFAGGTVLRLAKDLAENNKGARVLVVCSEITAVTFRGPSDSHLDSLVGQALFGDGAAAIIIGADPIPEVEKPLFELVSAAQTILPDSDGAIDGHLREVGLTFHLLKDVPGLISKNIEKSLVEAFQPLGITDWNSLFWIAHPGGPAILDQVEEKLALKPEKLRSTRHVLSEYGNMSSACVLFILDEMRRKSVEDGLKTTGEGLEWGVLFGFGPGLTVETVVLHSLSA
Feruloyl-CoA	CC(C)(COP(=O)([O-])OP(=O)([O-])OC[C@@H]1[C@H]([C@H]([C@@H](O1)N2C=NC3=C(N=CN=C32)N)O)OP(=O)([O-])[O-])[C@H](C(=O)NCCC(=O)NCCSC(=O)/C=C/C4=CC(=C(C=C4)O)OC)O	MPCDEEDENEDLNHCVATILAIGTATPEEFVLQSDYPDFFFRITESENLVELKEKFKRICDKSGIQKRHLHLTESILAGNPELCKDSSETSSLLARQSISNAEVAALGARAAKKALQEGGHSAAEITHLIVATSNGIRMPGPDLAIAKILGLRHDVRRLMLNQVGCYAGGTALRIAKEMAESGGISTRVLIVCSEVGAFTFRPPNEKHPDRLVGSAIVGDGAASLVVGCRDPRLDSSPGQLLELHWAGQFFVPDSEDDLTATLSEQGLIYFLSKHVPDLISSSVRELLPTALAASSKTRDLAPNDLFWRSIREGERDKLRATRETLASYGNMSSPTVLFVLEEIVRQSSRSGEWGVLLSFGPGLTIEIQLLRRC
Feruloyl-CoA	CC(C)(COP(=O)([O-])OP(=O)([O-])OC[C@@H]1[C@H]([C@H]([C@@H](O1)N2C=NC3=C(N=CN=C32)N)O)OP(=O)([O-])[O-])[C@H](C(=O)NCCC(=O)NCCSC(=O)/C=C/C4=CC(=C(C=C4)O)OC)O	MVTVEEYRKAQRAEGPATILAIGTSTPSNCVDQSTYPDYYFRITNSEHKTELKEKFKRMCDKSMIKKRYMHLTEEILKENPNMCAYMAPSLDARQDIVVVEVPKLGKEAAQKAIKEWGQPKSKITHLVFCTTSGVDMPGCDYQLAKLLGLRPSVKRLMMYQQGCFVGGTVLRLAKDLAENNKGARVLVVCSEITAVTFRGPSESHLDSLVGQALFGDGAAAIIMGSDPIIGVERPLFELVSAAQTLVPDSEGAIDGHLREVGLTFHLLKDVPGLISKNIEKSLLEAFQPLGISDWNSLFWIAHPGGPAILDQVELKLGLKQEKLRATREVLSNYGNMSSACVLFILDEMRKASTNEGLGTTGEGLEWGVLFGFGPGLTVETVVLHSVAT
Feruloyl-CoA	CC(C)(COP(=O)([O-])OP(=O)([O-])OC[C@@H]1[C@H]([C@H]([C@@H](O1)N2C=NC3=C(N=CN=C32)N)O)OP(=O)([O-])[O-])[C@H](C(=O)NCCC(=O)NCCSC(=O)/C=C/C4=CC(=C(C=C4)O)OC)O	MGAVEKIHEDQRAKGPATILAIGTANPANCVYQAEYPHYYFRMTKSEHMTALKQKFIRICDKSMIHKRYMHLTEELMEKHPEICSYDDPSLNPRQDIIIDTIPKLGEEAALKAIKEWGQPKSKITHIVFCSTSGVDMPGADYQLMRLLGLSPSVKRVMLYHQGCFAGGTVLRVAKDLAENNGGARVLVVCSEITVTTFRGPSAENLANLVGQAIFGDGAAALIIGSDPEIPAERPIFQLVWTAETVLPNSEGAIEGQLRDVGLTFGLSDRVPHLIADHIEKSLKEAFDSLGISDWNSIFWVPHPGGPAILNQIEAKLGLKKERLRAVRHVLREYGNMSSACVSFILDEMRRKSAEEGLATPGEGLEWGVLFGFGPGLTVETVVLHSVPTVTHG
Feruloyl-CoA	CC(C)(COP(=O)([O-])OP(=O)([O-])OC[C@@H]1[C@H]([C@H]([C@@H](O1)N2C=NC3=C(N=CN=C32)N)O)OP(=O)([O-])[O-])[C@H](C(=O)NCCC(=O)NCCSC(=O)/C=C/C4=CC(=C(C=C4)O)OC)O	MVTVEEVRRAQRAEGPATIMAIGTATPPNCVDQSAYPDYYFRITNSEHKTELKEKFKRMCEKSMIKKRYMHLTEDILKENPNICAYMAPSLDARQDMVVVEVPKLGKEAAVKAIKEWGQPKSKVTHLIFCTTSGVDMPGADYQLTKLLGLRPSVKRYMMYQQGCFAGGTVLRLAKDLAENNKGARVLVVCSEITAVTFRGPTDTHLDSLVGQALFGDGAAAVIVGADPVPGVEKPMFELVSTAQTILPDSDGAIDGHLREVGLTFHLLKDVPGLISKNIEKSLVEAFQPLGISDWNSLFWIAHPGGPAILDQVEEKLKLKAEKLRATRHVLSEYGNMSSACVLFILDEMRKKSTEDGLKTTGEGLEWGVLFGFGPGLTVETVVLHSLAAQA
Feruloyl-CoA	CC(C)(COP(=O)([O-])OP(=O)([O-])OC[C@@H]1[C@H]([C@H]([C@@H](O1)N2C=NC3=C(N=CN=C32)N)O)OP(=O)([O-])[O-])[C@H](C(=O)NCCC(=O)NCCSC(=O)/C=C/C4=CC(=C(C=C4)O)OC)O	MVSVEEIRQAQRAEGPATVMAIGTATPPNCVDQSTYPDYYFRITNSEHMTELKEKFKRMCDKSMIKKRYMYLNEEILKENPSVCAYMAPSLDARQDMVVMEVPKLGKEAATKAIKEWGQPKSKITHLIFCTTSGVDMPGADYQLTKLLGLRPSVKRYMMYQQGCFAGGTVLRLAKDLAENNKGARVLVVCSEITAVTFRGPTDTHLDSLVGQALFGDGAAAVIVGSDPLPVEKPLFQLVWTAQTILPDSEGAIDGHLREVGLTFHLLKDVPGLISKNIEKALVEAFQPLGISDYNSIFWIAHPGGPAILDQVEAKLGLKPEKMEATRHVLSEYGNMSSACVLFILDQMRKKSIENGLGTTGEGLDWGVLFGFGPGLTVETVVLRSVTV
Feruloyl-CoA	CC(C)(COP(=O)([O-])OP(=O)([O-])OC[C@@H]1[C@H]([C@H]([C@@H](O1)N2C=NC3=C(N=CN=C32)N)O)OP(=O)([O-])[O-])[C@H](C(=O)NCCC(=O)NCCSC(=O)/C=C/C4=CC(=C(C=C4)O)OC)O	MASIEDIRRAQRAEGPATILAIGTATPANCVKQSEYPDFYFRITDSEHMTELKEKFKRMCEKSQIKKRYMHLTEEILKENPNMCAYMAPSLDARQDIVVVEVPKLGKEAAEKAIQEWGQPKSKITHLVFCTTSGVDMPGCDYQLTKLLGLRPSVKRIMMYQLGCFAGGTVLRMAKDLAENNAGARVLVVCSEITAIMFRGPNGSPIDSLIGQFLFGDGAAAVIVGSDPVVGVERPLFQLVSAAQTLLPDSHGGIDCHLREAGLTFHLRKDVPALISKHIGESLKEAFDPLGISDWNSIFWIAHPGGPAILDQVESTLALKPEKLRSTRHVLSEYGNLSSACVLFILDEMRKSSAKEGMSTTGEGLNWGVLFGFGPGLTVETVVLHSVAIN
Feruloyl-CoA	CC(C)(COP(=O)([O-])OP(=O)([O-])OC[C@@H]1[C@H]([C@H]([C@@H](O1)N2C=NC3=C(N=CN=C32)N)O)OP(=O)([O-])[O-])[C@H](C(=O)NCCC(=O)NCCSC(=O)/C=C/C4=CC(=C(C=C4)O)OC)O	MVTVEEVRKAQRAEGPATVLAIGTATPPNCVDQATYPDYYFRITNSEHKVELKEKFQRMCDKSMIKKRYMYLTEDILKENPTMCEYMAPSLDARQDMVVVEIPKLGKEAATKAIKEWGQPKSKITHLVFCTTSGVDMPGADYQLTKLLGLRPSVKRLMMYQQGCFAGGTVLRLAKDLAENNRGARVLVVCSEITAVTFRGPNDTHLDSLVGPGLIWVMVQQLLLWVRTQFPRSRAPCLKWCQQP
Feruloyl-CoA	CC(C)(COP(=O)([O-])OP(=O)([O-])OC[C@@H]1[C@H]([C@H]([C@@H](O1)N2C=NC3=C(N=CN=C32)N)O)OP(=O)([O-])[O-])[C@H](C(=O)NCCC(=O)NCCSC(=O)/C=C/C4=CC(=C(C=C4)O)OC)O	MVSVEEIRKAQRAEGPATVMAIGTATPPNCVDQSTYPDYYFRITNSEHMTELKEKFKRMCDKSMIKKRYMYLNEEILKENPSVCAYMAPSLDARQDMVVMEVPKLGKEAATKAIKEWGQPKSKITHLIFCTTSGVDMPGADYQLTKLLGLRPSVKRYMMYQQGCFAGGTVLRLAKDLAENNKGARVLVVCSEITAVTFRGPTDTHLDSLVGQALFGDGAAAVIVGSDPLPVEKPLFQLVWTAQTILPDSEGAIDGHLREVGLTFHLLKDVPGLISKNIEKALVEAFQPLGISDYNSIFRIAHPGGPAILDQVEAKLGLKPEKMEATRHVLSEYGNMSSACVLFILDQMRKKSIENGLGTTGEGLDWGVLFGFGPGLTVETVVLRSVTV
Feruloyl-CoA	CC(C)(COP(=O)([O-])OP(=O)([O-])OC[C@@H]1[C@H]([C@H]([C@@H](O1)N2C=NC3=C(N=CN=C32)N)O)OP(=O)([O-])[O-])[C@H](C(=O)NCCC(=O)NCCSC(=O)/C=C/C4=CC(=C(C=C4)O)OC)O	ARQDIVVVEVPKLGKEAAQKAIKEWGQPKSKITHLVFCTTSGVDMPGCDYQLTKLLGLRPSVKRFMMYQQGCFAGGTVLRMAKDLAENNAGARVLVVCSEITAVTFRGPNGSHLDSLVGQALFGDGAAAVIVGSDPVVGVERPLFQLVSAAQTLLPDSHGAIDGHLREVGLTFHLLKDVPGLISKHIGKSLKEAFDPLGISDWNSIFWIAHPGGPAILDQVESTLALKPEKLRSTRHVLSEYGNMSSACVLFILDEMRKSSAKEGMSTTGEGLNWGVLFGFGPGLTVETVVLHSVAIN
Feruloyl-CoA	CC(C)(COP(=O)([O-])OP(=O)([O-])OC[C@@H]1[C@H]([C@H]([C@@H](O1)N2C=NC3=C(N=CN=C32)N)O)OP(=O)([O-])[O-])[C@H](C(=O)NCCC(=O)NCCSC(=O)/C=C/C4=CC(=C(C=C4)O)OC)O	MVTVDEVRKGQRAEGPATIMAIGTSNPPNCVDQSTYPDYYFRVTNSEHRAELKEKFKRMCEKSMIKKRYIYLTEDMLKENPDMRAYMAPSLDARQDMVVVEVPKLGKEAATKAIKEWGQSKSKITHLVFCTTSGVDMPGADYQLTKLLGLRPSVKRLMMYQQGCFAGGTVLRLAKDLAENNKGARVLVVCSEITAIIFRGPNDTHLDSLIGQALFGDGAAAIIIGSDPVVGVEKPLFEIVSAAQTILPNSDGAIDGHLREAGLTFHLLKDVPGLISNNVEKSLTEAFKPLGISDWNSLFWIAHPGGPAILDQVEAKLGLKPEKLRATRHVLSEYGNMSSACVLFILDEMRKKSAEDGLQSTGEGLEWGVLFGFGPGLTVETVVLHSVATRV
Feruloyl-CoA	CC(C)(COP(=O)([O-])OP(=O)([O-])OC[C@@H]1[C@H]([C@H]([C@@H](O1)N2C=NC3=C(N=CN=C32)N)O)OP(=O)([O-])[O-])[C@H](C(=O)NCCC(=O)NCCSC(=O)/C=C/C4=CC(=C(C=C4)O)OC)O	MSMSKIEAKSPAAILAIGTANPANCYYQQDYPDFLFRVTNSDHMTELKDRFKRICEKSKTKKRYLHITEEILKANPNICSYKAPSLDPRQDMLIPAVPKLGKEAALKAIEEWGQPISNITHLIFCTASCVDMPGADFQLVKLLGLDPSVNRFMIYQQGCFAGGTVLRLAKDVAENNPGARVLVVCCEITTMFFQAPTESHVDVLVGQALFSDGASALIVGANPDPKINERQVFEIMSTRGTIVPYSEHGVVAHLREMGFEYYLSPDVPKLVGANIEELLVKGFSEIDGINNDWNSLFYSIHPGGPAILDKVEEKLGLNEGKLRATRHVLREYGNMGAPSVLFILDEMRKKSMEEGKATTGEGLEWGVLIGIGPGLTVETVVLRSVRIAAR
Feruloyl-CoA	CC(C)(COP(=O)([O-])OP(=O)([O-])OC[C@@H]1[C@H]([C@H]([C@@H](O1)N2C=NC3=C(N=CN=C32)N)O)OP(=O)([O-])[O-])[C@H](C(=O)NCCC(=O)NCCSC(=O)/C=C/C4=CC(=C(C=C4)O)OC)O	MASVEEFCRAQKSKGPATVLAIGTAVPKNVIEQSTYPDYLFRITNSEHMTELKEKFKRICEGSSIKRRYVHMTEEILKEHPNMSSFTEPSLDARQDILVPEVPKLAKEAAVNALKEWGQPKSKITYLVFCTTSGVDMPGCDYQLTKLLGLRPSVKRYMMYQVGCYGAGLVLRLAKDLAENNKGARVLVVCSEITVCTFRGPSEAFLDNLVGQALFGDGASSVIVGADPVPGIERPLYEIVSTFQTLLPNSEEAIAGHVREIGLTIHLLKDLPALVSKNIDKNMAEAFHPLGITDWNSLFFIVHPGGPAILDQVEAKLKLKPEKIELSRYVLAEYGNMSSACVFFIMDEMRKKSIKKGLKTTGEGLEWGVLFGFGPGLTVETVVLHALST
Feruloyl-CoA	CC(C)(COP(=O)([O-])OP(=O)([O-])OC[C@@H]1[C@H]([C@H]([C@@H](O1)N2C=NC3=C(N=CN=C32)N)O)OP(=O)([O-])[O-])[C@H](C(=O)NCCC(=O)NCCSC(=O)/C=C/C4=CC(=C(C=C4)O)OC)O	MVNIEEFHKAQRAEGPATILAIATATPPNCVLQSTYPDSYFSVTKSEHMTELKEKFRRMCDKSMVKTRYMYFTDEMLQEKPNICAHMAPSLDERQDISIVEIPKLGAEAATHAIKEWGQPKSKITHVVFCSINGVDMPGADYQLIKLLRLNPSVKRVMLYHQGCFAGGTVLRLAKDLAENNKGARVLVVCSEIVAGTYRGPGEAHLDGLVAMALFGDGAAAVIVGADPIPDVEKPLYEIVSGFQTILPQSEAAIEGHLREVGIIIQLLKDVPGLIAKHIEKSLVEAFQPLGIEDWNSLFWIAHPGGPAILNQLEDKLSLKPEKLRASRQVLSKYGNMSSACVLFILDEMRRSSATDGAKTTGEGLEWGVLFGFGPGLTVDTVVLHSVSI
Feruloyl-CoA	CC(C)(COP(=O)([O-])OP(=O)([O-])OC[C@@H]1[C@H]([C@H]([C@@H](O1)N2C=NC3=C(N=CN=C32)N)O)OP(=O)([O-])[O-])[C@H](C(=O)NCCC(=O)NCCSC(=O)/C=C/C4=CC(=C(C=C4)O)OC)O	MVSVDEFVKTQRAEGPATIIAIGTATPPNCVLQSTYPDYYFRITKSEHKTELKEKFRRMCEKSMVKKRYTCFTEELLKQKPEFCAHMAPSLDERQEIAIVEIPKLGAEAAAQAIEEWGQPKSKITHVVFCTTTGVDMPGADYKLIKLLGLPPSVKRVMMYTQGCFAGGTVLRLAKDMAENNKGARVLVVCSEITALTFRGPDEKHVDSLVGQALFGDGAAAIIVGSDPLHVVEKPLFQIVSASQTILPDSEGAIEGHLREAGLTLHLLKNVPSLISKHIEKSLVEAFQPFGIFDWNSLFWVPHPGGRAILDQVEESLSLTPDKLRATRHVLSEYGNLSCASVLFILNEMRHSSVNDGSKTTGEGLDWGVLFGFGPGLTVDTVVLHSVSI
Feruloyl-CoA	CC(C)(COP(=O)([O-])OP(=O)([O-])OC[C@@H]1[C@H]([C@H]([C@@H](O1)N2C=NC3=C(N=CN=C32)N)O)OP(=O)([O-])[O-])[C@H](C(=O)NCCC(=O)NCCSC(=O)/C=C/C4=CC(=C(C=C4)O)OC)O	MSVSKIEDKSPAAILAIGTANPANCYYQQDYPNFLFRITNNDHMTDLKDRFKRICEKSKIKKRYLHITEDILKANPNICRYKAPSLDPCQDMLIPEVPKLGKEAALKAIEEWGQPISNITHLIFCTSSCVDMPGADFQLVKLLGLDPSVNRFMIYLQGCFAGGTALRLAKDVAENNPGARVLVVCCEITAMYFQAPTESHVDVLVGQALFADGASALIVGANPDPKINERPVYEIMSTRETIVPYSEHGVVVHVREMGCEYYLSPDVPKLVGANIEELLVKGFSEIDGTNNDWNSLFYCIHPGGPAILDKVEEKLGLNEEKLRATRHVLREYGNMGAPSVLFILDEMRKKSMEEGKATTGEGLEWGVLIGIGPGLTVETVVLRSVRIAAC
Feruloyl-CoA	CC(C)(COP(=O)([O-])OP(=O)([O-])OC[C@@H]1[C@H]([C@H]([C@@H](O1)N2C=NC3=C(N=CN=C32)N)O)OP(=O)([O-])[O-])[C@H](C(=O)NCCC(=O)NCCSC(=O)/C=C/C4=CC(=C(C=C4)O)OC)O	MGSAWANVREICRAQRADGPAAVLAIGTANPANCVPQDEFPDFYFRATKSDHLTGLKEKFKRVCQKLGVQKRYLHHTEELLSAHPEFLDRSSPSLDARLDIVKTAVPELAAQACRKAIAEWGRPAADVTHLVVATNSGAHIPGVDFQLVSLLGLRPTVRRTMLYLNGCSAGAAALRLARDLAENNRGARVLVACAEITVLLFDGPEEGCFQTLVNQGLFGDGAGAVVVGADPAAPAERPLFEIVSAAQTVIPDSEGVITMHLTKGGYGGNISTRQVPVLIGDHIERCLTDAFAPLGVGAGWNDLFWDVHPGSSAILDQVDAVLKLKPEKLAASRRVLSEYGNMFGVTVIFVLDELRRRMTNGEEEGAPAEWGVMVAFGPGLTVETMVLHRSGTPAETKLGEA
Feruloyl-CoA	CC(C)(COP(=O)([O-])OP(=O)([O-])OC[C@@H]1[C@H]([C@H]([C@@H](O1)N2C=NC3=C(N=CN=C32)N)O)OP(=O)([O-])[O-])[C@H](C(=O)NCCC(=O)NCCSC(=O)/C=C/C4=CC(=C(C=C4)O)OC)O	MVNVEEFRKAQRAEGPATIMAIGTATPPNCVLQSTYPDYYFRITKSEHKTDLKEKFRRMCDKSMITKRYMYLTEEILKEKPNICAYMAPSLDERQDIVVVEVPKLGKEAAIRAIKEWGQPKSKITHLVFCTTSGVDMPGADYQLTKLLGLRSSVKRFMMYQQGCFAGGTVLRLAKDLAENNKGARVLVVCSEITAVTFRGPNETHLDSLVGQALFGDGAAAIIVGSDPLPDVEKPLFELISAAQTILPDSEGAIDGHLREVGLTFHLLKDVPGLISKHIEKSLVEAFKPLGIADWNSLFWIAHPGGPAILDQVEEKLRLTPDKLRATRQVLSEYGNMSSACVLFILNEMRHSSATAGFDTTGEGLEWGVLFGFGPGLTVETVVLRSVSI
Feruloyl-CoA	CC(C)(COP(=O)([O-])OP(=O)([O-])OC[C@@H]1[C@H]([C@H]([C@@H](O1)N2C=NC3=C(N=CN=C32)N)O)OP(=O)([O-])[O-])[C@H](C(=O)NCCC(=O)NCCSC(=O)/C=C/C4=CC(=C(C=C4)O)OC)O	MSAVEKIRENQRAKGPATILAIGTANPVNCVYQAEYPDYYFRMTKSEHMTALKQKFIRICDNSMIHKRYTHLTEELMEKHPEICSYDDPSSFNPRQDIMIDAIPKLGKEAALKAIKEWGQPKSKITHIVFCSFSGVDMPGADYQLMRLLGLSPSVKRVMLYHLGCFAGGTALRIAKDLAENNASARVLVVCSDITVTAFRGPSAENLANLVGQAIFGDGAAALIIGSDPEIPAERPVFQIVWTAETVLPNSECAIEGQLRDVGFTFGLSDRVPHLIASNIEKSLKEAFDSLDISDWNSIFWVPHPGGPAILNQIEAKLGLKKERLRAVRQVLGEYGNMSSASVLFILDEMRRKSAEEGLATTGEGLEWGVLFGFGPGLTVETVVLHSVPTVTRG
Feruloyl-CoA	CC(C)(COP(=O)([O-])OP(=O)([O-])OC[C@@H]1[C@H]([C@H]([C@@H](O1)N2C=NC3=C(N=CN=C32)N)O)OP(=O)([O-])[O-])[C@H](C(=O)NCCC(=O)NCCSC(=O)/C=C/C4=CC(=C(C=C4)O)OC)O	MVSVEEIRKAQRAEGPATVMAIGTATPPNCVDQSTYPDYYFRITNSDHMTELKEKFKRMCDKSMIKKRYMYLNEEILKENPSVGAYMAPSLDARQDMVVVEVPKLGKEAATKAIKEWGQSKSKITHLIFCTTSGVDMPGADYQLTKLLGLRPSVKRYMMYQQGCFAGGTVLRLAKDLAENNKGARVLVVCSEITAVTFRGPSDTHLDSLVGQALFGDGAAAVIVGSDPLPAEKPLFELVWTAQTILPDSEGAIDGHLRQVGLTFHLLKDVPGLISKNIEKALVEAFKPLEIDDYNSIFWIAHPGGPAILDQVEAKLGLKHEKMEATRHVLSEYGNMSSACVLFILDQMRKKSIENGLGTTGEGLEWGVLFGFGPGLTVETVVLRSVTV
Feruloyl-CoA	CC(C)(COP(=O)([O-])OP(=O)([O-])OC[C@@H]1[C@H]([C@H]([C@@H](O1)N2C=NC3=C(N=CN=C32)N)O)OP(=O)([O-])[O-])[C@H](C(=O)NCCC(=O)NCCSC(=O)/C=C/C4=CC(=C(C=C4)O)OC)O	MVTVEEYRKAQRAEGPATVMAIGTATPSNCVDQSTYPDYYFRITNSEHKTELKEKFKRMCEKSMIKTRYMHLTEEILKENPNMCAYMAPSLDARQDIVVVEVPKLGKEAAQKAIKEWGQPKSKITHLVFCTTSGVDMPGCDYQLAKLLGLRPSVKRLMMYQQGCFAGGTVLRLAKDLAENNKGARVLVVCSEITAVTFRGPSESHLDSLVGQALFGDGAAAIIMGSDPIPGVERPLFQLVSAAQTLLPDSEGAIDGHLREVGLTFHLLKDVPGLISKNIEKSLVEAFQPLGISDWNSLFWIAHPGGPAILDQVELKLGLKPEKLKATREVLSNYGNMSSACVLFILDEMRKASTKEGLGTSGEGLEWGVLFGFGPGLTVETVVLHSVAI
Feruloyl-CoA	CC(C)(COP(=O)([O-])OP(=O)([O-])OC[C@@H]1[C@H]([C@H]([C@@H](O1)N2C=NC3=C(N=CN=C32)N)O)OP(=O)([O-])[O-])[C@H](C(=O)NCCC(=O)NCCSC(=O)/C=C/C4=CC(=C(C=C4)O)OC)O	MVNPTVQSILESQRSKGPATILAIGTETPANVVDQKNFPDKYFRITNSEHMVDYKAKFQRICDKSMIEKRYMYLTDEILEKNPELCKFDGSSLDKRQALAMEAVPEIGSAAAEKALKEWGQPKSAITHLILCSVNGVTMPGADVQLIKRVGLSESVKRLMMYQLGCYSGGTVLRLAKDIVENNRGARVLAIVADVMTILRFRGPNESHIGDLLSQGLFGDGAAALVIGADLISGVEKPLYEIASAAQTLVDGTDGAIEGHLKDTGLTAFFHRDIPGFISRNLEAVLAESLKPLGITDWNSVFWMTHPGGAGILDMVEKKLGLHTEKMRASRRVLRDYGNMSGASVLFVMNEMRNQSTTERMTTTGEGLEWGVLFGFGPGVTVETVVLRSVPI
Feruloyl-CoA	CC(C)(COP(=O)([O-])OP(=O)([O-])OC[C@@H]1[C@H]([C@H]([C@@H](O1)N2C=NC3=C(N=CN=C32)N)O)OP(=O)([O-])[O-])[C@H](C(=O)NCCC(=O)NCCSC(=O)/C=C/C4=CC(=C(C=C4)O)OC)O	MAPTTTMGSALYPLGEMRRSQRADGLAAVLAIGTANPPNCVTQEEFPDFYFRVTNSDHLTALKDKFKRICQEMGVQRRYLHHTEEMLSAHPEFVDRDAPSLDARLDIAADAVPELAAEAAKKAIAEWGRPAADITHLVVTTNSGAHVPGVDFRLVPLLGLRPSVRRTMLHLNGCFAGCAALRLAKDLAENSRGARVLVVAAELTLMYFTGPDEGCFRTLLVQGLFGDGAAAVIVGADADDVERPLFEIVSAAQTIIPESDHALNMRFTERRLDGVLGRQVPGLIGDNVERCLLDMFGPLLGGDGGGGWNDLFWAVHPGSSTIMDQVDAALGLEPGKLAASRRVLSDYGNMSGATVIFALDELRRQRKEAAAAGEWPELGVMMAFGPGMTVDAMLLHATSHVN
Feruloyl-CoA	CC(C)(COP(=O)([O-])OP(=O)([O-])OC[C@@H]1[C@H]([C@H]([C@@H](O1)N2C=NC3=C(N=CN=C32)N)O)OP(=O)([O-])[O-])[C@H](C(=O)NCCC(=O)NCCSC(=O)/C=C/C4=CC(=C(C=C4)O)OC)O	MVTVEEVRKAQRAQGPATVLAIGTSTPPNCVDQSTYPDYYFRITNSEHKTELKEKFKRMCEKSMIKKRYMYLTEEILKENPNVCEYMAPSLDARQDMVVVEVPKLGKEAATKAIKEWGQPKSKITHLVFCTTSGVDMPGADYQLTKLLGLRPSVKRLMMYQQGCFAGGTVLRVAKDLAENNKGARVLVVCSEITAVTFRGPSDTHLDSLVGQALFGDGAAAVIIGADPVPEIEKPMFEIVSVAQTILPDSDGAIDGHLREVGLTFHLLKDVPGLISKNIEKSLVEAFQPLGISDWNSLFWIAHPGGPAILDQVEAKLALKPEKLRATRHVLSEYGNMSSACVLFILDEMRKKSREDGLQTTGEGLEWGVLFGFGPGLTVETVVLHSVAA
Feruloyl-CoA	CC(C)(COP(=O)([O-])OP(=O)([O-])OC[C@@H]1[C@H]([C@H]([C@@H](O1)N2C=NC3=C(N=CN=C32)N)O)OP(=O)([O-])[O-])[C@H](C(=O)NCCC(=O)NCCSC(=O)/C=C/C4=CC(=C(C=C4)O)OC)O	MVTVDEIRKAQRAEGPATILAIGTSTPPNCVDQSTYPDYYFRITNSEHKVELKEKFKRMCEKSMIKKRYMHLTEEILKENPSVCEYMAPSLDARQDMVVVEVPKLGKEAAAKAIKEWGQPKSKITHLVFCTTSGVDMPGADYQLTKLLGLRSSVKRFMMYQQGCFAGGTVLRLAKDLAENNKGARVLVVCSEITAVTFRGPSDTHLDSLVGQALFGDGAAAIIIGSDPVLGVEKPLFELVSAAQTILPDSEGAIDGHLREVGLTFHLLKDVPGLISKNIEKSLTEAFKPLGISDWNSLFWIAHPGGPAILDQVEAKLELKPEKLRATRQVLADYGNMSSACVLFILDEMRKKSAKDGLKSTGEGLEWGVLFGFGPGLTVETVVLHSLPATI
Feruloyl-CoA	CC(C)(COP(=O)([O-])OP(=O)([O-])OC[C@@H]1[C@H]([C@H]([C@@H](O1)N2C=NC3=C(N=CN=C32)N)O)OP(=O)([O-])[O-])[C@H](C(=O)NCCC(=O)NCCSC(=O)/C=C/C4=CC(=C(C=C4)O)OC)O	MGSSAAPANVREICRAQRADGPAAVLAIGTANPANCVPQDEFPDFYFRATKSDHLTGLKEKFKRVCQKLGVQKRYLHHTEELLSAHPEFLDHSSPSLDARLDIVKTAVPELAAQASRKAIAEWGRPAADITHLVVTTNSGAHIPGVDFRLVPLLGLRPTVRRTMLYLNGCFAGAAALRLARDLAENNSGARVLVVCAEITVLLFNGPEEGCFQTLVNQGLFGDGAGAVIVGADPLAAERPLFEIVSAAQAIIPESEDVITMHLTRGGYGGNISTRQVPVLIGDNIERCLTDAFAPLGGVIGAEWNDLFWDVHPGSSAILDQVDAVLKLKPEKLAASRRVLSEYGNMFGVTVIFVLDELRRRMEKGEEEGAPEWGVMVAFGPGLTVETMVLHRSGTPAEKKLAEA
Feruloyl-CoA	CC(C)(COP(=O)([O-])OP(=O)([O-])OC[C@@H]1[C@H]([C@H]([C@@H](O1)N2C=NC3=C(N=CN=C32)N)O)OP(=O)([O-])[O-])[C@H](C(=O)NCCC(=O)NCCSC(=O)/C=C/C4=CC(=C(C=C4)O)OC)O	EHKTELKEKFQRMCDKSMIKKRYMYLTEEILKENPSMCEYMAPSLDARQDMVVVEIPKLGKEAATKAIKEWGQPKSKITHLVFCTTSGVDMPGADYQLTKLLGLRSSVKRLMMYQQGCFAGGTVLRLAKDLAENNRGARVLVVCSEITAVTFRGPSDTHLDSLVGQALFGDGAAAIIVGSDPIPEIEKPLFEVVSAAQTILPDSDGAIDGHLREVGLTFHLLKDVPGLISKNIEKSLNEAFQPLGISDWNSLFWIAHPGGPAILDQVESKLALKPEKLEATRHILSEYGNMSSACVLFILDEVRKRATKKGLKTTGDGLDWGVLFGFGPGLTVETVVLHSVGLNA
Feruloyl-CoA	CC(C)(COP(=O)([O-])OP(=O)([O-])OC[C@@H]1[C@H]([C@H]([C@@H](O1)N2C=NC3=C(N=CN=C32)N)O)OP(=O)([O-])[O-])[C@H](C(=O)NCCC(=O)NCCSC(=O)/C=C/C4=CC(=C(C=C4)O)OC)O	MVTVEEYRKAQRAKGPATVMAIGTSTPFNCVDQSTYPDYYFRITNSEHKTELKEKFKRMCDKSMIKKRYMHLTEEILKKNPNMCAYMSPSLDARQDIAIVEVPKLGKEAAQKAIKEWGQPKSKITHLVFCTSSGVDMPGCDYQLAKLLGLCPSVKRLMIYQQDCYAGGTLLRLAKDMAENNKGARVLVVSSEITVVKFRGPSESHIDNLLGQALFGDGVAAVIIGSDPNLGVERPLFKLVSAAQTLVPDSEGAIYGHLREVGHIFHLLKDVPGLISKNIEKSLLDAFQPLGISDWNSLFWITHPGGPAMLDQVELKLGLKPEKLRVSREVLSNYGNMSSACVLFILDEMRKASTKEGLGTTGEGLEWGVLFGFGPGLTI
Feruloyl-CoA	CC(C)(COP(=O)([O-])OP(=O)([O-])OC[C@@H]1[C@H]([C@H]([C@@H](O1)N2C=NC3=C(N=CN=C32)N)O)OP(=O)([O-])[O-])[C@H](C(=O)NCCC(=O)NCCSC(=O)/C=C/C4=CC(=C(C=C4)O)OC)O	MGRAPAPANVHEICRARRADGPAAVLAIGTANPGNCVLQEDFPDFYFRATKSEHLTGLKEKFKRVCQKLGVQRRYLHHTEELLSAHPEFLDHIFSPSLDERLDIVKTAVPELAAEASRKAIAEWGRPAADITHLVVTTNSGAHIPGVDFQLVPLLGLRPTVRRTMLYLNGCFAGAAALRVAKDLAENNRGARVLVVCAELTVLMFTRPAEGPFQFQTLINQGLFGDGAGAVIVGADPVATPAERPLFEIVSAAQNIIPESEDAVSMHLTKGGFGGNISARQVPTLIGDNIERCLLDAFEPLGIGAGWNDLFWDVHPGSSAILDQIDAVLQLKPEKMAASRRVLSDYGNMFGVTVIFVLDELRRRMEKGEEEGAPEWGVMVAFGPGLTVETMVLHRCVAQATGATAEEKLTVA
Feruloyl-CoA	CC(C)(COP(=O)([O-])OP(=O)([O-])OC[C@@H]1[C@H]([C@H]([C@@H](O1)N2C=NC3=C(N=CN=C32)N)O)OP(=O)([O-])[O-])[C@H](C(=O)NCCC(=O)NCCSC(=O)/C=C/C4=CC(=C(C=C4)O)OC)O	MVSVEEIRQAQRAEGPATVMAIGTATPPNCVDQSTYPDYYFRITNSEHMTELKEKFKRMCDKRIPSVCAYMAPSLDARQDMVVMDGVDMPGADYQLTKLLGLRPSVKRYMMYQQGCFAGGTVLRLAKDLAENNKGARVLVVCSEITAVTFRGPTDTHLDSLVGQALFGDGAAAVIVGSDPLPVEKPLFQLVWTAQTILPDSEGAIDGHLREVGLTFHLLKDVPGLISKNIEKALVEAFQPLGISDYNSIFWIAHPGGPAILDQVEAKLGLKPEKMEATRHVLSEYGNMSSACVLFILDQMRKKSIENGLGTTGEGLDWGVLFGFGPGLTVETVVLRSVTV
Feruloyl-CoA	CC(C)(COP(=O)([O-])OP(=O)([O-])OC[C@@H]1[C@H]([C@H]([C@@H](O1)N2C=NC3=C(N=CN=C32)N)O)OP(=O)([O-])[O-])[C@H](C(=O)NCCC(=O)NCCSC(=O)/C=C/C4=CC(=C(C=C4)O)OC)O	MVSVEEIRQAQRAEGPATVMAIGTATPPNCVDQSTYPDYYFRITNSEHMTELKEKFKRMCDKSMIKKRYMYLNEEILKENPSVCAYMAPSLDARQDMVVVEVPKLGKEAATKAIKEWGQPKSKITHLIFCTTSGVDMPGADYQLTKLLGLRPSVKRYMMYQQGCFAGGTVLRLAKDLAENNKGARVLVVCSEITAVTFRGPTDTHLDSLVGQALFGDGAAAVIVGSDPLPVEKPLFQLVWTAQTILPDSEGAIDGHLREVGLTFHLLKDVPGLISKNIEKALVEAFQPLGISDYNSIFWIAHPGGPAILDQVEAKLGLKPEKMEATRHVLSEYGNMSSACVLFILDQMRKKSIENGLGTTGEGLDWGVLFGFGPGLTVETVVLRSVSV
Feruloyl-CoA	CC(C)(COP(=O)([O-])OP(=O)([O-])OC[C@@H]1[C@H]([C@H]([C@@H](O1)N2C=NC3=C(N=CN=C32)N)O)OP(=O)([O-])[O-])[C@H](C(=O)NCCC(=O)NCCSC(=O)/C=C/C4=CC(=C(C=C4)O)OC)O	MVSVQDVRRTQRAEGPATVLAIGTVTPTNSVDQSTYPDYYFRVTNSEHKTELKEKFKRMCDKSMIKKRYMHLTEEMLKENPNICAYMAPSLDARQDIVVVEVPKLGKEAAVKAIKEWGQPKSKITHLVFCTTSGVDMPGADYQLTKLLGLRPSIKRLMMYQQGCFAGGTVLRLAKDLAENNKGARVLVVCSELTAVTFRGPSDTHLDSLVGQALFGDGAAAVIVGSDPVPNVEKPLYELVFTAQTILPDSDGAIDGHLREVGLTFHLLKDVPGLISKNIEKSLVEAFQPLGISDWNSIFWIAHPGGPAILDQVEAKLGLEPNKLQATRHILSEFGNMSSACVLFIMDYMRKKSAEDGLESTGEGLEWGVLFGFGPGLTVETVVLHSVANY
Feruloyl-CoA	CC(C)(COP(=O)([O-])OP(=O)([O-])OC[C@@H]1[C@H]([C@H]([C@@H](O1)N2C=NC3=C(N=CN=C32)N)O)OP(=O)([O-])[O-])[C@H](C(=O)NCCC(=O)NCCSC(=O)/C=C/C4=CC(=C(C=C4)O)OC)O	MLSIQEFRKAQRAEGPANILAIGTATPPNCVLQTTYPDYYFRITKSEHKKDLKEKFTRMCKLHAYLHRIINNFYITKFVLNIFVMFSGEKSMIKKRYMYLTEEILNEKPNMCAYNAPSLDDRQDIVVVEVPKLGKEAATRAIKEWGQPKSKITHLVFCTTSGVDMPGADYQLTKLLGLRSSVKRFMMYQQGCFAGGTVLRMAKDLAENNKGARVLVVCSEITAVTFRGPDDSHLDSLVGQALFGDGAAAIIVGSDPLPDIEKPLFEIISAAQTILPDSRGAIDGHLREVGLTFHLLKDVPGLISKHIEESLVEAFQPLGIDDWNSLFWIAHPGGPAILDQVEEKLALTPDKLRATRHVLSEYGNMSSACVLFILNEMRHASATDGFSTTGEGLEWGVLFGFGPGLTVETVVLHSVPI
Feruloyl-CoA	CC(C)(COP(=O)([O-])OP(=O)([O-])OC[C@@H]1[C@H]([C@H]([C@@H](O1)N2C=NC3=C(N=CN=C32)N)O)OP(=O)([O-])[O-])[C@H](C(=O)NCCC(=O)NCCSC(=O)/C=C/C4=CC(=C(C=C4)O)OC)O	MIEKEDVNHCVATILAIGTATPEEFVLQSEYPDFFFRITESENLVELKEKFKRICDKSGIQKRHLHLTESILAGNPELCKDSSETSSLLARQSIANAEVAALGARAAKKALQEGGHSAAEITHLIVATSNGIRMPGPDLAIAKILGLRHDVRRLMLNQVGCYAGGTALRIAKEMAESGGISTRVLIVCSEVGAFTFRPPNEKHPDRLVGSAIVGDGAASLVVGCRDPKLNSSPGQLLELHWAGQFFVPDSEDDLTATLSEQGLIYFLSKHVPALISSSVCELLPSALAASSKTRDLAPNDLFWAIHPGGRAILDQIETKLGLRSDKLRVTRETLASYGNMSSPTVLFVLEEIVRQSSRSGEWGVLLSFGPGLTIEIQLLRRC
Feruloyl-CoA	CC(C)(COP(=O)([O-])OP(=O)([O-])OC[C@@H]1[C@H]([C@H]([C@@H](O1)N2C=NC3=C(N=CN=C32)N)O)OP(=O)([O-])[O-])[C@H](C(=O)NCCC(=O)NCCSC(=O)/C=C/C4=CC(=C(C=C4)O)OC)O	MLVATTVIMMTIMILVIVEQRAELNEEILKENPSVCAYMTPSLDTRQDMVIVEVPKLGKEAATKTIKEWGQPKSKITHLIFCTISGVHMPGADVPTRLLCRWLRLVENNKGARVLLVWSEITAVAALFGDGAAAGIVGSDPLPVEKPLFQLTILPDSEGAINGHLGLGEVGLTFHLLKVDRQF
Feruloyl-CoA	CC(C)(COP(=O)([O-])OP(=O)([O-])OC[C@@H]1[C@H]([C@H]([C@@H](O1)N2C=NC3=C(N=CN=C32)N)O)OP(=O)([O-])[O-])[C@H](C(=O)NCCC(=O)NCCSC(=O)/C=C/C4=CC(=C(C=C4)O)OC)O	MGSAPAANFREICRARRADGPAAVLAIGTANPGNCVLQEDFPDFYFRATKSEHLTGLKEKFKRVCQKLGVQRRYLHHTEELLSAHPEFLDLVCSPSLDERLDIVKTAVPELAAAASRKAIAEWGRPAADITHLVVTTNSGAHIPGVDFQLVPLLGLRPTVRRTMLYLNGCFAGAAALRVAKDLAENNRGARVLVVCAELTVLVFTRPVEGYFQTLVKQALFGDGAGAVIVGADPVMTIPAERPLFEIVSAAQTIISESEDAITMHLTKGGCGGNISTRQVPVLIGHNIERCLLDAFQPLGIGAGWNDLFWDVHPGSSAILDQVDTVLHLKPEKLAASRRVLSEYGNMQGVTVIFVLDELRRRMEKGEEEGEPEWGVMVAFGPGLTVETMVLHRCAAQATGAPTEEGLTVFCG
Feruloyl-CoA	CC(C)(COP(=O)([O-])OP(=O)([O-])OC[C@@H]1[C@H]([C@H]([C@@H](O1)N2C=NC3=C(N=CN=C32)N)O)OP(=O)([O-])[O-])[C@H](C(=O)NCCC(=O)NCCSC(=O)/C=C/C4=CC(=C(C=C4)O)OC)O	MVSVEAIRKAQRAEGPATVMAIGTATPPNCVDQSTYPDYYFRITNSEHMTELKEKFKRMCDKSMIKKLYMYLNEEILKENPSVCAYMAPSLDARQDMVVVEVPKLGKEAATKAIKEWGQPKSKITHLIFCTTSGVDMPGADYQLTKLLGLRPSVKRYMMYQQGCFAGGTVLRLAKDLAENNKGARVLVVCSEITAVTFRGPTDTHLDSLVGQALFGDGAAAVIVGSDPLPVEKPLFQLIWTAQTILPDSEGAIDGHLREVGLTFHLLKDVPGLISKNIEKALVEAFQPLGISDYNSIFWIAHPGGPAILDQVEAKLGLKPEKMEATRHVLSEYGNMSSACVLFILDQMRKKSIENGLGTTGEGLDWGVLFGFGPGLTVETVVLRSVTV
Feruloyl-CoA	CC(C)(COP(=O)([O-])OP(=O)([O-])OC[C@@H]1[C@H]([C@H]([C@@H](O1)N2C=NC3=C(N=CN=C32)N)O)OP(=O)([O-])[O-])[C@H](C(=O)NCCC(=O)NCCSC(=O)/C=C/C4=CC(=C(C=C4)O)OC)O	MVSVEEIRKAQRAEGPATVMAIGTATPPNCVDQSTYPDYYFRITNSDHMNELKEKFKRMCDKSMIKKRYMYLNEEILKENPSVCAYMEPSLDARQDMVVVEVPKLGKEAATKAIKEWGQPKSKITHLIFCTTSGVDMPGADYQLTKLLGLRPSVKRYMMYQQGCFAGGTVLRLAKDLAENNTGARVLVVCSEITAVTFRGPSDTHLDSLVGQALFGDGAAAVIVGSDPLPAEKPLFELVWTAQTILPDSEGAIDGHLREVGLTFHLLKDVPGLISKNIQKALVEAFQPLGIDDYNSIFWIAHPGGPAILDQVEAKLGLKPEKMEATRHVLSEYGNMSSACVLFILDQMRKKSIENGLGTTGEGLEWGVLFGFGPGLTVETVVLRSVTV
Feruloyl-CoA	CC(C)(COP(=O)([O-])OP(=O)([O-])OC[C@@H]1[C@H]([C@H]([C@@H](O1)N2C=NC3=C(N=CN=C32)N)O)OP(=O)([O-])[O-])[C@H](C(=O)NCCC(=O)NCCSC(=O)/C=C/C4=CC(=C(C=C4)O)OC)O	MVLQGICWRDLNHPLGLLMQGSVKEIVGSQVNNAFVSCILPFMQLLQTRKEISLSSIQGLEKSEQFGGSPIIDLLGRLHEAELNPRVKDVWWYAGEKNGIFFNQILISCFGGSFSKRKMGLRAGQWSTYPEYYFRITNSEHKTELKEKFKRMCEKSRIKKSYMHLTEEISKENPNVCAYMAPSLDARQDMVVVEVPKLGEEAAVKAIKEWGQPKSKITHLVFCTTSGVDMPGADYQLTKLLGLRPSVKRLMMYQQGCYGGGMVLRLAKDLAENNRGARVLVVCSEITAVTFRGPSDTHLDNLLGQALFGDGAAAVIVGADPVPGVEKPLFELVSAAQTILPDSHGAIDGHLREVGQKLALKSEKLRATRHILSEYGNMSSACVLFILDEMRKKSIEDGLKTTGEGLEWGVLFGFGPGLTVETVISLRWVYQQGVGLLVKSCNKGRLKKNLDIFNWALREEESKKISQIPQHRLCTADVFVSEDGLFKSVEELWDGEM
Feruloyl-CoA	CC(C)(COP(=O)([O-])OP(=O)([O-])OC[C@@H]1[C@H]([C@H]([C@@H](O1)N2C=NC3=C(N=CN=C32)N)O)OP(=O)([O-])[O-])[C@H](C(=O)NCCC(=O)NCCSC(=O)/C=C/C4=CC(=C(C=C4)O)OC)O	MTRINYLIQVADLAPSGWEISLGCLFVYSFEPIQSNQPCIRPAMSASKIEAKSPAAILAIGPTNPANCHYQQDYPDFLFRVTNNDHMTELKDKFKRICEKSNVKKRYLHITEEILKANPNICRYKAPSLDPCQDMMIPEVPKLGKEAALKAIEEWGQPISNITHLIFCTSSCVDMPGADLQLVKLLGLDPFVNRFMIYLQGCFAGGTALLKYK
Feruloyl-CoA	CC(C)(COP(=O)([O-])OP(=O)([O-])OC[C@@H]1[C@H]([C@H]([C@@H](O1)N2C=NC3=C(N=CN=C32)N)O)OP(=O)([O-])[O-])[C@H](C(=O)NCCC(=O)NCCSC(=O)/C=C/C4=CC(=C(C=C4)O)OC)O	MVTVDEIRKTQRAEGPATIMAIGTSTPPNCVDQSTYPDYYFRITNSEHKAELKEKFKRMCEKSMIKKRYMYLTEEILKENPSVCEYMAPSLDARQDMVVVEVPRLGKEAATKAIKEWGQPKSKITHLVFCTTSGVDMPGADYQLTKLLGLRSSVKRFMMYQQGCFAGGTVLRLAKDLAENNKGARVLVVCSEITAVTFRGPSDTHLDSLVGQALFGDGAAALIIGSDPVIGVEKPLFELVSAAQTILPDSDGAIDGHLREVGLTFHLLKDVPGLISKNVEKSLTEAFKPLGISDWNSLFWIAHPGGPAILDQVEAKLALKPEKLRATRHVLSEYGNMSSACVLFILDEMRKKSAEDGLQSTGEGLEWGVLFGFGPGLTVETVVLHSVAPTI
Feruloyl-CoA	CC(C)(COP(=O)([O-])OP(=O)([O-])OC[C@@H]1[C@H]([C@H]([C@@H](O1)N2C=NC3=C(N=CN=C32)N)O)OP(=O)([O-])[O-])[C@H](C(=O)NCCC(=O)NCCSC(=O)/C=C/C4=CC(=C(C=C4)O)OC)O	MVTVEDVRRAQRAEGPATVMAIGTATPPNCVDQSAYPDYYFRITNSEHKTELKEKFKRMCEKSMIKKRYMHLTEEILKENPNVCAYMASSLDARQDMVVVEVPKLGKEAATKAIKEWGQPKSKITHLVFCTTSGVDMPGADYQLTKLLGLRPSVKRLMMYQQGCFAGGTVLRLAKDLAENNKGARVLVVCSEITAVTFRGPSDTHLDSLVGQALFGDGAAALIVGADPVPGVEKPLFELVSAAQTILPDSDGAIDGHLREVGLTFHLLKDVPGLISKNIEKSLVEAFQPLGITDWNSLFWIAHPGGPAILDQVESKLELKPEKLRATRHVLSEYGNMSSACVLFILDEMRKKSAEDRLKTTGEGLEWGVLFGFGPGLTVETVVLHSVSA
Feruloyl-CoA	CC(C)(COP(=O)([O-])OP(=O)([O-])OC[C@@H]1[C@H]([C@H]([C@@H](O1)N2C=NC3=C(N=CN=C32)N)O)OP(=O)([O-])[O-])[C@H](C(=O)NCCC(=O)NCCSC(=O)/C=C/C4=CC(=C(C=C4)O)OC)O	MVSVEEFCRAQKSKGPASVLAIGTAVPKNVIEQSTYPDYLFRITNSEHMTDLKEKFKRMYTKLRKDSQSKSRVVSMGVSDARIGFLPDILVSEVPKLAKEAAANALKEWGQPKSKITHLVFCTTSGVDMPGCDYQLTKLLGLRPTVKRYMMYQVGCYGAGLVLRIAKDLAENNKGARVLVVCSEITVCTFRGPTETYLDNLVGQALFGDGASSVIVGSDPVPGIERPLYEIVSTSQTILPNSEGAIAGHVREIGLTIHLLKDVPGLISKNVEKNMAEAFHPLGITDWNSLFFIVHPGGPAILDDVEAKLKLKPEKMEASRYVLGEYGNMSSACVFFIMDEMRKKSIKKGLKTTGEGLEWGVLFGFGPGLTVETVVLHALSA
Feruloyl-CoA	CC(C)(COP(=O)([O-])OP(=O)([O-])OC[C@@H]1[C@H]([C@H]([C@@H](O1)N2C=NC3=C(N=CN=C32)N)O)OP(=O)([O-])[O-])[C@H](C(=O)NCCC(=O)NCCSC(=O)/C=C/C4=CC(=C(C=C4)O)OC)O	MVSVEEIRNAQRAEGPATVMAIGTATPPNCVDQSTYPDYYFRITNSEHMTELKEKFKRMCDKSMIKKRYMYLNEEILKENPSVCAYMAPSLDARQDMVVVEVPKLGKEAATKAIKEWGQPKSKITHLIFCTTSGVDMPGADYQLTKLLGLRPSVKRYMMYQQGCFAGGTVLRLAKDLAENNKGARVLVVCSEITAVTFRGPTDTHLDSLVGQALFGDGAAAVIVGSDPLPVEKPLFQLVWTAQTILPDSEGAIDGHLREVGLTFHLLKDVPGLISKNIEKALVEAFQPLGISDYNSIFWIAHPGGPAILDQVEAKLGLKPEKMEATRHVLSEYGNMSSACVLFILDQMRKKSIENGLGTTGEGLDWGVLFGFGPGLTVETVVLRSVTV
Feruloyl-CoA	CC(C)(COP(=O)([O-])OP(=O)([O-])OC[C@@H]1[C@H]([C@H]([C@@H](O1)N2C=NC3=C(N=CN=C32)N)O)OP(=O)([O-])[O-])[C@H](C(=O)NCCC(=O)NCCSC(=O)/C=C/C4=CC(=C(C=C4)O)OC)O	MANLHALRREQRAQGPATIMAIGTATPPNLYEQSTFPDFYFRVTNSDDKQELKKKFRRMCEKTMVKKRYLHLTEEILKERPKLCSYKEASFDDRQDIVVEEIPRLAKEAAEKAIKEWGRPKSEITHLVFCSISGIDMPGADYRLATLLGLPLTVNRLMIYSQACHMGAAMLRIAKDLAENNRGARVLVVACEITVLSFRGPNEGDFEALAGQAGFGDGAGAVVVGADPLEGIEKPIYEIAAAMQETVAESQGAVGGHLRAFGWTFYFLNQLPAIIADNLGRSLERALAPLGVREWNDVFWVAHPGNWAIIDAIEAKLQLSPDKLSTARHVFTEYGNMQSATVYFVMDELRKRSAVEGRSTTGDGLQWGVLLGFGPGLSIETVVLRSMPL
Feruloyl-CoA	CC(C)(COP(=O)([O-])OP(=O)([O-])OC[C@@H]1[C@H]([C@H]([C@@H](O1)N2C=NC3=C(N=CN=C32)N)O)OP(=O)([O-])[O-])[C@H](C(=O)NCCC(=O)NCCSC(=O)/C=C/C4=CC(=C(C=C4)O)OC)O	MAMISLQAMRKAQRAQGPATILAVGTANPPNLYEQDTYPDYYFRVTNSEHKQELKNKFRLMCEKTMVKRRYLYLTPEILKERPKLCSYMEPSFDDRQDIVVEEVPKLAAEAAENAIKEWGGDKSAITHLVFCSISGIDMPGADYRLAQLLGLPLAVNRLMLYSQACHMGAAMLRIAKDIAENNRSARVLVVACEITVLSFRGPDERDFQALAGQAGFGDGAGAMIVGADPVLGVERPLYHIMSATQTTVPESEKAVGGHLREVGLTFHFFNQLPAIIADNVGNSLAEAFEPIGIKDWNNIFWVAHPGNWAIMDAIETKLGLEQSKLATARHVFSEFGNMQSATVYFVMDELRKRSAAENRATTGDGLRWGVLFGFGPGISIETVVLQSVPL
Feruloyl-CoA	CC(C)(COP(=O)([O-])OP(=O)([O-])OC[C@@H]1[C@H]([C@H]([C@@H](O1)N2C=NC3=C(N=CN=C32)N)O)OP(=O)([O-])[O-])[C@H](C(=O)NCCC(=O)NCCSC(=O)/C=C/C4=CC(=C(C=C4)O)OC)O	MGSLQAMRRAQRAQGPATIMAVGTSNPPNLYEQTSYPDFYFRVTNSDHKHALKNKFRVICEKTKVKRRYLHLTEEILKQRPKLCSYMEPSFDDRQDIVVEEIPKLAKEAAEKAIKEWGRPKSEITHLVFCSISGIDMPGADYRLATLLGLPLSVNRLMLYSQACHMGAQMLRIAKDLAENNRGARVLAVSCEITVLSFRGPDAGDFEALACQAGFGDGAAAVVVGADPLPGVERPIYEIAAAMQETVPESERAVGGHLREIGWTFHFFNQLPKLIAENIEGSLARAFKPLGISEWNDVFWVAHPGNWGIMDAIETKLGLEQGKLATARHVFSEYGNMQSATVYFVMDEVRKRSAAEGRATTGEGLEWGVLFGFGPGLTIETVVLRSVPLP
