Substrate Name	Substrate SMILES	Protein Sequence	Kcat value (1/s)
coumaroyl-CoA	CC(C)(COP(=O)(O)OP(=O)(O)OC[C@@H]1[C@H]([C@H]([C@@H](O1)N2C=NC3=C(N=CN=C32)N)O)OP(=O)(O)O)[C@H](C(=O)NCCC(=O)NCCSC(=O)/C=C/C4=CC=C(C=C4)O)O	MVTVEEVRKAQRAQGPATVLAIGTSTPPNCVDQSTYPDYYFHITNSEHKTELKEKFKRMCEKSMIKKRYMYLTEEILKENPNVCEYMAPSLDARQDMVVVEVPKLGKEAATKAIKEWGQPKSKITHLVFCTTSGVDMPGADYQLTKLLGLRPSVKRLMMYQQGCFAGGTVLRVAKDLAENNKGARVLVVCSEITAVTFRGPSDTHLDSLVGQALFGDGAAAVIIGADPVPEIEKPMFELVSAAQTILPDSDGAIDGHLREVGLTFHLLKDVPGLISKNIEKSLVEAFQPLGISDWNSLFWIAHPGGPAILDQVEAKLALKPEKLRATRHVLSEYGNMSSACVLFILDEMRKKSREDGLQTTGEGLEWGVLFGFGPGLTVETVVLHSVAA	0.0757
coumaroyl-CoA	CC(C)(COP(=O)(O)OP(=O)(O)OC[C@@H]1[C@H]([C@H]([C@@H](O1)N2C=NC3=C(N=CN=C32)N)O)OP(=O)(O)O)[C@H](C(=O)NCCC(=O)NCCSC(=O)/C=C/C4=CC=C(C=C4)O)O	MGAIEKIRENQRAKGPATILAIGMANPTNCVYQVKYPDYYFCMTKSEHMTALKQKFIRICDKSMIHKRYMHLTEELMEKHPEICSYDTPSLNPRQHIIIDTIPKLGEEAALKSKMTHIIFCSTSGVDMPSADYQLMRLLGLSPSVKRVMLYSENNAGPSTENLPNLVGQAIFGDGAAALIIKSDLEIPAEQSIFQLGAIEGQLRDVGLTFGLSDRIPHLITSNIKKSLKEAFDSLSIVPHPGGPAILNQIKAKLGLKKEGPEP	2.9704
coumaroyl-CoA	CC(C)(COP(=O)(O)OP(=O)(O)OC[C@@H]1[C@H]([C@H]([C@@H](O1)N2C=NC3=C(N=CN=C32)N)O)OP(=O)(O)O)[C@H](C(=O)NCCC(=O)NCCSC(=O)/C=C/C4=CC=C(C=C4)O)O	MVSVEKIRENQRAKGPATILAIGTANPANCMYQDEFPDYYFRMTKSEHMTALKQKFIRICEKSMIHKRYKHLTEELLNKNPEICSYDAPSLNARQDISTVSIPKLGEEAATEAIKEWGQPKSKITHIVFCSLSGADMPGADYQLMRLLGLSPSVKRVMLYHLGCFAGGTALRIAKDLAENNAGARVLIVCSEITVASFRGPSDENHGNLTSQALLGDGAAALIIGSDPEIPSEQPIFQLVWTAETVLPNSESTVESQVRDGGLTLVLSDRVPLLIASNIEKSLNEAFDSLGITDWNPSSGCLIRAKLGLRKERLRAVRHVLREYGNMSSASVFFVLDEMRRKSVEEGLATTGEGLEWGVLFGFGPGLTVETVVLHSVPIVPPG	0.6965
coumaroyl-CoA	CC(C)(COP(=O)(O)OP(=O)(O)OC[C@@H]1[C@H]([C@H]([C@@H](O1)N2C=NC3=C(N=CN=C32)N)O)OP(=O)(O)O)[C@H](C(=O)NCCC(=O)NCCSC(=O)/C=C/C4=CC=C(C=C4)O)O	MGSVPAATPSVREIWRAQRADGPAAVLAIGTANPAHCVPQDEFPDFYFRATNSDHLTALKGKFKRVFQKLGVEKRYLHHTEELLRAHPEFLDDEAASLDARLDIVATAVPELAAEASKKAISEWGRPAADITHLVVTTNSGAHIPGVDFRLIPLLGLRPSVRRTMLYLNGCFAGSAALRLAKDLAENNRGARVLVVCAELTLMLFNGPKEGSFERLIHQGLFGDGAGAVVVGADPLSPVEHALFEMVSAAQTVIPDSGDAITMHITKGGFGGNISTRDVPVFIGDNVERCLHDSLEPLGIGAKWNDLFWAVHPGSSAILDRIDTVLQLEPEKLAASRRVLSDYGNMFGVTIIFVLDELRRRLREQEGAGGAPEWGVVMTFGPGLTVETMVLHATGHMHASP	0.0622
coumaroyl-CoA	CC(C)(COP(=O)(O)OP(=O)(O)OC[C@@H]1[C@H]([C@H]([C@@H](O1)N2C=NC3=C(N=CN=C32)N)O)OP(=O)(O)O)[C@H](C(=O)NCCC(=O)NCCSC(=O)/C=C/C4=CC=C(C=C4)O)O	MVDFREAQRAKGPAAIMAIGTATPPNCVPQSTYADFYFRVTNCEHKTELKEKFKRMCDNSKIKKRYIHLTEEILKEKPNLCAHMAPSLDERQDIAIAEIPKLGAKAATQAINEWGQPKSMITHVVFSSVYGVDMPGADYQLTKLLGLSPSVKRVMLYQQGCFAGASVLRLAKDLAENNKGARVLVVCSEITTPNFRGPDEAHVDNLVSQVLFGDGAAAVIVGSDPIPDVEMKLFEIVSASQTIVPDSDGAIKGHIRQAGFITRLHRDVPELIGKHVEKSLLEAFQPLGISDWNSLFWIAHPGGRAILDQVEENLCLRPEKLRASRHVLAEYGNLSSPCVLFILNEMRHSSVTQGAITTGEGLEWGVLMGFGPGVTVDTVVLHSVSI	0.2620
coumaroyl-CoA	CC(C)(COP(=O)(O)OP(=O)(O)OC[C@@H]1[C@H]([C@H]([C@@H](O1)N2C=NC3=C(N=CN=C32)N)O)OP(=O)(O)O)[C@H](C(=O)NCCC(=O)NCCSC(=O)/C=C/C4=CC=C(C=C4)O)O	YMAPSLDACQDIVVVEVPKLGKEAAQKAIKKWRQPKSKITHLVFCTTSGVDMPKLLGLRPSVKGFMMYQQGCFAGGTVLRMAKDLAENNAGARDLVVCAEITNIMFWGPNGSPLDSLIERLLFGDGAAAVIVGSDPVVGVERPLFQLVSAAVAVDGGGEGVISNYFWKGGFSLLHLLDEGGLANNPIYIIASTLVNKL	0.0023
coumaroyl-CoA	CC(C)(COP(=O)(O)OP(=O)(O)OC[C@@H]1[C@H]([C@H]([C@@H](O1)N2C=NC3=C(N=CN=C32)N)O)OP(=O)(O)O)[C@H](C(=O)NCCC(=O)NCCSC(=O)/C=C/C4=CC=C(C=C4)O)O	MPGADNQLIELLDLRPSIKRVMIYENGCYAGGTAIRLAKDLAENNKGARVLFVCSEITAIGFRGPDETHLDGLVGQALFGDGAGAIIVGSDPLPDIEKPLFQIVSASQTIIPDTKSMLRGHIREVGLKYHLHKSIPELIANSIENSLVEAFLPLGIVDWNSLFWLYIQGALRSWTG	11.0036
coumaroyl-CoA	CC(C)(COP(=O)(O)OP(=O)(O)OC[C@@H]1[C@H]([C@H]([C@@H](O1)N2C=NC3=C(N=CN=C32)N)O)OP(=O)(O)O)[C@H](C(=O)NCCC(=O)NCCSC(=O)/C=C/C4=CC=C(C=C4)O)O	MVTVEEVRKAQRAEGPATVLAIGTSTPPNCVDQSTYPDYYFRITNSEHKTELKEKFKRMCEKSMIKRRYMYLTEEILKENPNICAYMATSLDARQDMVVVEVPKLGKEAATRAIKEWGQPKSKITHLVFCTTSGVDMPGADYQLTKLLGLRPSVKRLMMYQQGCFAGGTVLRVAKDLAENNKGARVLVVCSEITAVTFRGPSDTHLDSLVGQALFGDGAAAVIIGADPVPEIEKPMFELVSAAQTILPDSDGAIDGHLREVGLTFHLLKDVPGLISKNIEKSLAEAFQPLGISDWNSLFWIAHPGGPAILDQVEAKLALKPEKLRATRHVLSEYGNMSSACVLFILDEMRKKSREDGLKTTGEGLEWGVLFGFGPGLTVETVVLHSISA	0.0448
coumaroyl-CoA	CC(C)(COP(=O)(O)OP(=O)(O)OC[C@@H]1[C@H]([C@H]([C@@H](O1)N2C=NC3=C(N=CN=C32)N)O)OP(=O)(O)O)[C@H](C(=O)NCCC(=O)NCCSC(=O)/C=C/C4=CC=C(C=C4)O)O	MVTVEEFRRAQCAEGPATVMAIGTATPSNCVDQSTYPDYYFRITNSEHKVELKEKFKRMCEKSMIKKRYMHLTEEILKENPNICAYMAPSLDARQDIVVVEVPKLGKEAAQKAIKEWGQPKSKITHLVFCTTSGVDMPGCDYQLTKLLGLRPSVKRFMMYQQGCFAGGTVLRMAKDLAENNKGARVLVVCSEITAVTFRGPNDTHLDSLVGQALFGDGAAAVIIGSDPIPEVERPLFELVSAAQTLLPDSEGAIDGHLREVGLTFHLLKDVPGLISKNIEKSLVEAFQPLGISDWNSLFWIAHPGGPAILDQVELKLGLKQEKLKATRKVLSNYGNMSSACVLFILDEMRKASAKEGLGTTGEGLEWGVLFGFGPGLTVETVVLHSVAT	0.0221
coumaroyl-CoA	CC(C)(COP(=O)(O)OP(=O)(O)OC[C@@H]1[C@H]([C@H]([C@@H](O1)N2C=NC3=C(N=CN=C32)N)O)OP(=O)(O)O)[C@H](C(=O)NCCC(=O)NCCSC(=O)/C=C/C4=CC=C(C=C4)O)O	MTAMSFRGPSGTHMATLVEQSLFADGAAAVVVGSDAAAGVERPLFQIISIAQTLLPESEGCIQGHLTDCGMMVELEKDVPKLISKYIGASLSEAFDPLGISDWNSIFWIVHPGGRAILDDVEAELALRPEKLRKSRRVLSEYGNMSSACVLFIMDEMRKSSAEEGLSSTGEGLDWGVMFGFGPGITVETVVLRSVAIS	2.1984
coumaroyl-CoA	CC(C)(COP(=O)(O)OP(=O)(O)OC[C@@H]1[C@H]([C@H]([C@@H](O1)N2C=NC3=C(N=CN=C32)N)O)OP(=O)(O)O)[C@H](C(=O)NCCC(=O)NCCSC(=O)/C=C/C4=CC=C(C=C4)O)O	MVTVEEVRKAQRAEGPATVLAIGTSTPPNCVDQSTYPDYYFRITNSEHKTELKEKFKRMCEKSMIKKRYMYLTEEILKENPNVCEYMAPSLDARQDMVVVEVPRLGKEAATKAIKEWGQPKSKITHLVFCTTSGVDMPGADYQLTKLLGLRPSVKRLMMYQQGCFAGGTVLRVAKDLAENNKGARVLVVCSEITAVTFRGPSDTHLDSLVGQALFGDGAAAVIVGADPLPEIEKPMFELVSAAQTILPDSDGAIDGHLREVGLTFHLLKDVPGLISKNIEKSLAEAFQPLGISDWNSLFWIAHPGGPAILDQVEAKLALKPEKLRATRHVLSEYGNMSSACVLFILDEMRKKSKEDGLGTTGEGLEWGVLFGFGPGLTVETVVLHSISA	0.0722
coumaroyl-CoA	CC(C)(COP(=O)(O)OP(=O)(O)OC[C@@H]1[C@H]([C@H]([C@@H](O1)N2C=NC3=C(N=CN=C32)N)O)OP(=O)(O)O)[C@H](C(=O)NCCC(=O)NCCSC(=O)/C=C/C4=CC=C(C=C4)O)O	MVTFDEIRQAQRADGPATVLAIGTATPQNCVDQSTYPDYYFRITNSEHKTELKEKFQRMCDKSMIKKRYMYLTEEILKENPSVCEYMAPSLDARQDMVVVEVPRLGKEAATKAIKEWGQPKSKITHLIFCTTSGVDMPGADYQLTKLLGLRPYVKRYMMYQQGCFAGGTVLRLAKDLAENNKGARVLVVCSEITAVTFRGPSDTHLDSLVGQALFGDGAAAVIVGSDPLPQVEKPLFELVWTAQTILPDSEGAIDGHLREVGLTFHLLKDVPGLISKNIEKALAEAFQPLGISDYNSIFWIAHPGGPAILDQVEAKLSLKPEKMQATRHVLSEYGNMSSACVLFILDEMRRKSKEDGLATTGEGLEWGVLFGFGPGLTVETVVLHSVAT	0.0404
coumaroyl-CoA	CC(C)(COP(=O)(O)OP(=O)(O)OC[C@@H]1[C@H]([C@H]([C@@H](O1)N2C=NC3=C(N=CN=C32)N)O)OP(=O)(O)O)[C@H](C(=O)NCCC(=O)NCCSC(=O)/C=C/C4=CC=C(C=C4)O)O	MVTVEEVRKAQRAEGPATVLAIGTATPPNCVDQATYPDYYFRITNSEHKAELKEKFQRMCDKSMIKKRYMYLTEEILKENPTMCEYMAPSLDARQDMVVVEIPKLGKEAATKAIKEWGQPKSKITHLVFCTTSGVDMPGADYQLTKLLGLRPSVKRLMMYQQGCFAGGTVLRLAKDLAENNKGARVLVVCSEITAVTFRGPSDTHLDSLVGQALFGDGAAAVIVGADPIPEIEKPLFEVVSAAQTILPDSDGAIDGHLREVGLTFHLLKDVPGLISKNIEKSLNEAFQPLGISDWNSLFWIAHPGGPAILDQVESKLGLKPEKLEATRHILSEYGNMSSACVLFILDEVRKRAAEKGLKTTGDGLDWGVLFGFGPGLTVETVVLHSVGLNA	0.0007
coumaroyl-CoA	CC(C)(COP(=O)(O)OP(=O)(O)OC[C@@H]1[C@H]([C@H]([C@@H](O1)N2C=NC3=C(N=CN=C32)N)O)OP(=O)(O)O)[C@H](C(=O)NCCC(=O)NCCSC(=O)/C=C/C4=CC=C(C=C4)O)O	MVSVEEIRKAQRAEGPATVMAIGTATPPNCVDQSTYPDYYFRITNSDHMTELKEKFKRMCDKSMIKKRYMYLNEEILKENPSVCAYMAPSLDARQDMVVVEVPKLGKEAATKAIKEWGQPKSKITHLIFCTTSGVDMPGADYQLTKLLGLRPSVKRYMMYQQGCFAGGTVLRLAKDLAENNTGARVLVVCSEITAVTFRGPSDTHLDSLVGQALFGDGAAAVILGSDPLPAEKPLFELVWTAQTILPDSEGAIDGHLREVGLTFHLLKDVPGLISKNIQKALVEAFQPLGIDDYNSIFWIAHPGGPAILDQVEAKLGLKPEKMEATRHVLSEYGNMSSACVLFILDQMRKKSIENGLGTTGEGLEWGVLFGFGPGLTVETVVLRSVTV	0.0030
coumaroyl-CoA	CC(C)(COP(=O)(O)OP(=O)(O)OC[C@@H]1[C@H]([C@H]([C@@H](O1)N2C=NC3=C(N=CN=C32)N)O)OP(=O)(O)O)[C@H](C(=O)NCCC(=O)NCCSC(=O)/C=C/C4=CC=C(C=C4)O)O	MAAASIEDIRRAQRAEGPATILAIGTATPANCVEQTEYPDFYFRITNSEHMTDLKEKFQRMCEKSQIKKRYMHLTEEILKENPNMCAYMAPSLDARQDIVVVEVPKLGKEAAQKAIKEWGQPKSKITHLVFCTTSGVDMPGCDYQLTKLLGLRPSVKRFMMYQQGCFAGGTVLRMAKDLAENNAGARVLVVCSEITAVTFRGPNGSHLDSLVGQALFGDGAAAVIVGSDPVVGVERPLFQLVSAAQTLLPDSHGAIDGHLREVGLTFHLLKDVPGLISKHIGKSLKEAFDPLGISDWNSIFWIAHPGGPAILDQVESTLALKPEKLRSTRHVLSEYGNMSSACVLFILDEMRKSSAKEGMSTTGEGLNWGVLFGFGPGLTVETVVLHSVAIN	0.0147
coumaroyl-CoA	CC(C)(COP(=O)(O)OP(=O)(O)OC[C@@H]1[C@H]([C@H]([C@@H](O1)N2C=NC3=C(N=CN=C32)N)O)OP(=O)(O)O)[C@H](C(=O)NCCC(=O)NCCSC(=O)/C=C/C4=CC=C(C=C4)O)O	MVSVEEIRNAQRAEGPATVMAIGTATPPNCVDQSTYPDYYFRITNSEHMTELKEKFKRMCDKSMIKKRYMYLNEEILKENPSVCAYMAPSLDARQDMVVVEVPKLGKEAATKAIKEWGQPKSKITHLIFCTTSGVDMPGADYQLTKLLGLRPSVKRYMMYQQGCFAGGTVLRLAKDLAENNKGARVLVVCSEITAVTFRGPTDTHLDSLVGQALFGDGAAAVIVGSDPLPVEKPLFQLVWTAQTILPDSEGAIDGHLGEVGLTFHLLKDVPGLISKNIEKALVEAFQPLGISDYNSIFWIAHPGGPAILDQVEAKLGLKPEKMEATRHVLSEYGNMSSACVLFILDQMRKKSIENGLGTTGEGLDWGVLFGFGPGLTVETVVLRSVTV	0.0051
coumaroyl-CoA	CC(C)(COP(=O)(O)OP(=O)(O)OC[C@@H]1[C@H]([C@H]([C@@H](O1)N2C=NC3=C(N=CN=C32)N)O)OP(=O)(O)O)[C@H](C(=O)NCCC(=O)NCCSC(=O)/C=C/C4=CC=C(C=C4)O)O	MVDPYSYKKIYIESLQELQRQFDELQRDLSDFEERVRRAQLLPDENCQVDNNNSDGSVIKKRYIHLTEEILKENPNICEHNAPSFNARQDIVVVEVPKLGKEAAQKAINEWGQPKSKITHLVFCTTSGVDMPGADYQLTKLLGLSPSVKRFMMYQQGCSGGGAVLRLAKDLAENNKGARVLVVCSEILAITFHGPSDTEVDVLIGQVLFGDGAAAVIIGSDPNLEVERPLFELVFATQTLLPDTGYAVYGKTSEAELKFHLHKNVPRLISNDIEKSLVEIFEPLGISYWNSIFWVVHAGGRAIMDKVESKLGLKPEKLRATRHVLSEYGNVASACVLFVLDEIRKNSIKEGLDTTGEGLEWGVLFGFGPGLTIETLVLRSVSNIHK	0.0519
coumaroyl-CoA	CC(C)(COP(=O)(O)OP(=O)(O)OC[C@@H]1[C@H]([C@H]([C@@H](O1)N2C=NC3=C(N=CN=C32)N)O)OP(=O)(O)O)[C@H](C(=O)NCCC(=O)NCCSC(=O)/C=C/C4=CC=C(C=C4)O)O	MVTVEEYRKAQRAEGPATILAIGTSTPSNCVDQSTYPDYYFRITNSEHKTELKEKFKRMCDKSMIKKRYMHLTEEILKENPNMCAYMAPSLDARQDIVVVEVPKLGKRGTQKAIKEWGQPKSKITHLVFCTTSGVDMPACDYQLAKLLPVRPSVKRLMMYQQGCFAGGTVLRLAKDLAENNKGARVLVVCSEITAVTFRGPSESHLDSLVGQALFGDGAAAIIIGSDPIIGVERPLFELVSAAQTLVPDSEGAIDGHLREVGLTFHLLKDVPGLISKNIEKSLLEAFQPLGISDWNSLFWIAHPGGPAILDQVELKLGLKPEKLRATREVLSNYGNMSSACVLFILDEMRKASTKEGLGTTGEGLEWGVLFGFGPGLTVETVVLHSVAA	0.0037
coumaroyl-CoA	CC(C)(COP(=O)(O)OP(=O)(O)OC[C@@H]1[C@H]([C@H]([C@@H](O1)N2C=NC3=C(N=CN=C32)N)O)OP(=O)(O)O)[C@H](C(=O)NCCC(=O)NCCSC(=O)/C=C/C4=CC=C(C=C4)O)O	MVTVNEIRQAQRAEGPATVLAIGTANPLNCVDQSTYPDFYFRITNSEHKTELKEKFQRMCDKSMIKKRYMHLTEQILKENPSFCEFMAPSLDARQDIVVEEVPKLGKEAAIKAINEWGQPKSMVTHLIFCTSSGVDMPGADYQLTKLLGLCPYVKRYMMYQQGCFAGAMALRLAKDLAENNKGARVLMVSSEIRVFNFRGPSDTDLDSLMGRALFGDGAAAVIVGSDPLPEVEKPLFELVWTAQTIIPDSEGAIKAHTREAGLTLHIIKDVPDLISKNIEKTLVEAFQPLNISDYNSIFWIAHPGGRAILDQVEAKLGLKPEKMQATRHVLSEYGNMSSPSVLFILDEMRRKSKEEGLGTTGEGLEWGVLLSFGPGLTVETVVLHSVAT	0.0101
coumaroyl-CoA	CC(C)(COP(=O)(O)OP(=O)(O)OC[C@@H]1[C@H]([C@H]([C@@H](O1)N2C=NC3=C(N=CN=C32)N)O)OP(=O)(O)O)[C@H](C(=O)NCCC(=O)NCCSC(=O)/C=C/C4=CC=C(C=C4)O)O	MVTVEEVRKAQRAQGPATVLAIGTSTPPNCVDQSTYPDYYFRITNSEHKTELKEKFKRMCEKSMIKKRYMYLTEEILKENPNVCAYMEPSLDARQDMVVVEVPKLGKEAAARAIKEWGQPKSKITHLVFCTTSGVDMPGADYQLTKLLGLRPSVKRLMMYQQGCFAGGTVLRVAKDLAENKKGARVLVVCSEITAVTFRGPSDTHLDSLVGQALFGDGAAAVIIGSDPIPEIEKPLFELVSTAQTILPDSDGAIDGHLREVGLTFHLLKDVPGLISKNIEKSLVEAFQPLGITDWNSLFWIAHPGGPAILDQVEAKLALKPEKLRATRHVLSEYGNMSSACVLFILDEMRNKSREDGVQTTGEGLEWGVLFGFGPGLTVETVVLHSIPA	0.0922
coumaroyl-CoA	CC(C)(COP(=O)(O)OP(=O)(O)OC[C@@H]1[C@H]([C@H]([C@@H](O1)N2C=NC3=C(N=CN=C32)N)O)OP(=O)(O)O)[C@H](C(=O)NCCC(=O)NCCSC(=O)/C=C/C4=CC=C(C=C4)O)O	MVTVEEVRKAQRAEGPATVLAIGTATPPNCVDQATYPDYYFRITNSEHKTELKEKFQRMCDKSMIKKRYMYLTEEILKENPSMCEYMAPSLDARQDMVVVEIPKLGKEAATKAIKEWGQPKSKITHLVFCTTSGVDMPGADYQLTKLLGLRSSVKRLMMYQQGCFAGGTVLRLAKDLAENNRGARVLVVCSEITAVTFRGPSDTHLDSLVGQALFGDGAAAIIVGSDPIPEIEKPLFEVVSAAQTILPDSDGAIDGHLREVGLTFHLLKDVPGLISKNIEKSLNEAFQPLGISDWNSLFWIAHPGGPAILDQVESKLSLKPEKLEATRHILSEYGNMSSACVLFILDEVRKRAAEKGLKTTGDGLDWGVLFGFGPGLTVETVVLHSVGLNA	0.0009
coumaroyl-CoA	CC(C)(COP(=O)(O)OP(=O)(O)OC[C@@H]1[C@H]([C@H]([C@@H](O1)N2C=NC3=C(N=CN=C32)N)O)OP(=O)(O)O)[C@H](C(=O)NCCC(=O)NCCSC(=O)/C=C/C4=CC=C(C=C4)O)O	MVSVEEIRKAQRAEGPATVMAIGTATPPNCVDQSTYPDYYFRITNSEHMTELKEKFKRMCDKSMIKKRYMYLNEEILKENPSVCAYMAPSLDARQDMVVMEVPKLGKEAATKAIKEWGQPKSKITHLIFCTTSGVDMPGADYQLTKLLGLRPSVKRYMMYQQGCFAGGTVLRLAKDLAENNKGARVLVVCSEITAVTFRGPTDTHLDSLVGQALFGDGAAAVIVGSDPLPVEKPLFQLVWTAQTILPDSEGAIDGHLREVGLTFHLLKDVPGLISKNIEKALVEAFQPLGISDYNSIFWIAHPGGPAILDQVEAKLGLKPEKMEATRHVLSEYGNMSSACVLFILDQMRKKSIENGLGTTGEGLDWGVLFGFGPGLTVETVVLRSVTV	0.0041
coumaroyl-CoA	CC(C)(COP(=O)(O)OP(=O)(O)OC[C@@H]1[C@H]([C@H]([C@@H](O1)N2C=NC3=C(N=CN=C32)N)O)OP(=O)(O)O)[C@H](C(=O)NCCC(=O)NCCSC(=O)/C=C/C4=CC=C(C=C4)O)O	MGSVPAATPSVREICRAQRADGPAAVLAIGTANPAHCVPQDEFPDFYFRATNSDHLTALKGKFKRVFQKLGVERRYLHHTEELLRAHPEFLDDEAASLDARLDIVATAVPELAAEASKKAIAEWGRPAADITHLVVTTNSGAHIPGVDFRLIALLGLRPSVRRTMLYLNGCFAGSAALRLAKDLAENNRGARVLVVCAELTLMLFNGPKEGSFERLIHQGLFGDGAGAVVVGADPLSPVEHALFEMVSAAQTVIPDSGDAITMHITKGGFGGNISTREVPVFIGDNVERCLHDSLEPLGVGAKWNDLFWAVHPGSSAILDRIDTVLQLEPEKLAASRRVLSDYGNMFGVTIIFVLDELRRRLREQEGVGGAPEWGVVMTFGPGLTVETMVLHATGHMHASP	0.0490
coumaroyl-CoA	CC(C)(COP(=O)(O)OP(=O)(O)OC[C@@H]1[C@H]([C@H]([C@@H](O1)N2C=NC3=C(N=CN=C32)N)O)OP(=O)(O)O)[C@H](C(=O)NCCC(=O)NCCSC(=O)/C=C/C4=CC=C(C=C4)O)O	MVTVEEYRKAQRAEGPATILAIGTSTPSNCVDQSTYPDYYFRITNSEHKTELKEKFKRMCDKSMIKKRYMHLTEEILKENPNMCAYMAPSLDARQDIVVVEVPKLGKEAAQKAIKEWGQPKSKITHLVFCTTSGVDMPGCDYQLAKLLGLRPSVKRLMMYQQGCFAGGTVLRLAKDLAENNKGARVLVVCSEITAVTFRGPSESHLDSLVGQALFGDGAAAIIIGSDPIIGVERPLFELVSAAQTLVPDSEGAIDGHLREVGLTFHLLKDVPGLISKNIEKSLLEAFQPLGISDWNSLFWIAHPGGPAILDQVELKLGLKPEKLRATREVLSNYGNMSSACVLFILDEMRKASTKEGLGTTGEGLEWGVLFGFGPGLTVETVVLHSVAA	0.0024
coumaroyl-CoA	CC(C)(COP(=O)(O)OP(=O)(O)OC[C@@H]1[C@H]([C@H]([C@@H](O1)N2C=NC3=C(N=CN=C32)N)O)OP(=O)(O)O)[C@H](C(=O)NCCC(=O)NCCSC(=O)/C=C/C4=CC=C(C=C4)O)O	MPGADYQLTKLLGLSPSVKRFMMYQQGCFGGGAVLRLAKDLTENNKGARVLVVCAEITVVTFHGPSDTDLDVLVGQVLFGDGAAAVIIGSDPILEVEKPLFELVSATQTLISDTRYAVYVLIGTLIFWVVHAGGRAILDQVELKLGLEPEKLRATRHVLSEYGNVASACVLFVLDEMRKYSIKEWYLPSIRSFHLSSKSPTPALSCRIIAPDPD	0.2522
coumaroyl-CoA	CC(C)(COP(=O)(O)OP(=O)(O)OC[C@@H]1[C@H]([C@H]([C@@H](O1)N2C=NC3=C(N=CN=C32)N)O)OP(=O)(O)O)[C@H](C(=O)NCCC(=O)NCCSC(=O)/C=C/C4=CC=C(C=C4)O)O	MVTVNEIRQAQRAEGPATVFAIGTANPQNCVDQSTYPDFYFRITNSEHKTELREKFQRMCDKSMIKKRYMHLTEEILKENPSLCEYMAPSLDARQDMVVVEVPKLGKEAATKAIKEWGQPKSKITHLIFCTTSGVDMPGADYQLTKLLGLRPYVKRYMMYQQGCFAGGTVLRLAKDLAENNKGARVLVVCSEITAVTFRGPSDTHLDSLVGQALFGDGAAAVIVGSDPLPEVEKPLFELVWTAQTIVPDSEGAIDGHLREAGLTFHLLKDVPGLVSKNIEKALVEAFQPLNISDYNSIFWIAHPGGPAILDQVELKLGLKPEKMQATRHVLSEYGNMSSACVLFILDEMRMKSKEDGLATTGEGLEWGVLFGFGPGLTIETVVLRSVST	0.0065
coumaroyl-CoA	CC(C)(COP(=O)(O)OP(=O)(O)OC[C@@H]1[C@H]([C@H]([C@@H](O1)N2C=NC3=C(N=CN=C32)N)O)OP(=O)(O)O)[C@H](C(=O)NCCC(=O)NCCSC(=O)/C=C/C4=CC=C(C=C4)O)O	MGSVPAATPSVREIWRAQRADGPAAVLAIGTANPAHCVPQDEFPDFYFRATNSDHLTALKGKFKRVFQKLGVEKRYLHHTEELLRAHPEFLDDQAASLDARLDIVATAVPELAAEASKKAIAEWGRPAADITHLVVTTNSGAHIPGVDFRLIALLGLRPNVRRTMLYLNGCFAGSAALRLAKDLAENNRGARVLVVCAELTLMLFNGPKEGSFERLIHQGLFGDGAGAVVVGADPLSPVEHALFEMVSAAQTVIPDSGDAITMHITKGGRRVLSDYGNMFGVTIIFVLDELRRRLREQEGVGGAPEWGVVMTFGPGLTVETMVLHATEHMHASP	0.0094
coumaroyl-CoA	CC(C)(COP(=O)(O)OP(=O)(O)OC[C@@H]1[C@H]([C@H]([C@@H](O1)N2C=NC3=C(N=CN=C32)N)O)OP(=O)(O)O)[C@H](C(=O)NCCC(=O)NCCSC(=O)/C=C/C4=CC=C(C=C4)O)O	MLTVEEVRKAQRAEGPATVLAIGTSTPPNCVDQSTYPDYYFRITNSEHKTELKEKFKRMCEKSMIKKRYMYLTEEILKENPNVCEYMAPSLDARQDMVVVEVPRLGKEAATKAIKEWGQPKSKITHLVFCTTSGVDMPGADYQLTKLLGLRPSVKRLMMYQQGCFAGGTVLRVAKDLAENNKGARVLVVCSEITAVTFRGPSDTHLDSLVGQALFGDGAAAVIVGADPLPEIEKPMFELVSAAQTILPDSDGAIDGHLREVGLTFHLLKDVPGLISKNIEKSLAEAFQPLGISDWNSLFWIAHPGGPAILDQVEAKLALKSEKLRATRHVLSEYGNMSSACVLFILDEMRKKSKEDGLGTTGEGLEWGVLFGFGPGLTVETVVLHSISA	0.0383
coumaroyl-CoA	CC(C)(COP(=O)(O)OP(=O)(O)OC[C@@H]1[C@H]([C@H]([C@@H](O1)N2C=NC3=C(N=CN=C32)N)O)OP(=O)(O)O)[C@H](C(=O)NCCC(=O)NCCSC(=O)/C=C/C4=CC=C(C=C4)O)O	MVTVEEVRKAQRAQGPATVLAIGTSTPPNCVDQSTYPDYYFRITNSEHKTELKEKFKRMCEKSMIKKRYMYLTEEILKENPNVCEYMAPSLDARQDMVVVEVPKLGKEAATKAIKEWGQPKSKITHLVFCTTSGVDMPGADYQLTKLLGLRPSVKRLMMYQQGCFAGGTVLRVAKDLAENNKGARVLVVCSEITAVTFRGPSDTHLDSLVGQALFGDGAAAVIIGADPMPEIEKPMFEIVSVAQTILPDSDGAIDGHLREVGLTFHLLKDVPGLISKNIEKSLVEAFQPLGISDWNSLFWIAHPGGPAILDQVEAKLALKPEKLRATRHVLSEYGNMSSACVLFILDEMRKKSREDGLQTTGEGLEWGVLFGFGPGLTVETVVLHSVAA	0.2463
coumaroyl-CoA	CC(C)(COP(=O)(O)OP(=O)(O)OC[C@@H]1[C@H]([C@H]([C@@H](O1)N2C=NC3=C(N=CN=C32)N)O)OP(=O)(O)O)[C@H](C(=O)NCCC(=O)NCCSC(=O)/C=C/C4=CC=C(C=C4)O)O	MVTVEEFRRAQRAEGPATVMAIGTATPSNCVDQSTYPDYYFRITNSEHKTELKEKFKRMCEKSMIKKRYMHLTEEILKENPNICAYMAPSLDARQDIVVVEVPKLGKEAAQKAIKEWGQPKSKISHLVFCTTSGVDMPGCDYQLTKLLGLRPSVKRFMMYQQGCFAGGTVLRMAKDLAENNKGARVLVVCSEITAVTFRGPNDTHLDSLVGQALFGDGAAAVIVGSDPIPDVERPLFELVSAAQTLLPDSEGAIDGHLREVGLTFHLLKDVPGLISKNIEKSLVEAFQPLGISDWNSLFWIAHPGGPAILDQVELKLGLKQEKLKATRNVLSNYGNMSSACVLFILDEMRKASAKEGLGTTGEGLEWGVLFGFGPGLTVETVVLHSVAT	0.0176
coumaroyl-CoA	CC(C)(COP(=O)(O)OP(=O)(O)OC[C@@H]1[C@H]([C@H]([C@@H](O1)N2C=NC3=C(N=CN=C32)N)O)OP(=O)(O)O)[C@H](C(=O)NCCC(=O)NCCSC(=O)/C=C/C4=CC=C(C=C4)O)O	MVTVDEVRKAQRAEGPAVILAIGTSTPPNCVDQSTYPDYYFRITNSEHKVELKEKFKRMCEKSMIKKRYMHLTEEILKENPSVCEYMAPSLDARQDMVVVEVPKLGKEAAAKAIKEWGQPKSKITHLVFCTTSGVDMPGADYQLTKLLGLRSSVKRFMMYQQGCFAGGTVLRLAKDLAENNKGARVLVVCSEITAVTFRGPSDTHLDSLVGQALFGDGAAAIIIGSDPVLGVEKPLFELVSAAQTILPDSDGAIDGHLREVGLTFHLLKDVPGLISKNIEKSLTEAFKPLGISDWNSLFWIAHPGGPAILDQVEAKLELKPEKLRATRQVLADYGNMSSACVLFILDEMRKKSAKDGLKSTGEGLEWGVLFGFGPGLTVETVVLHSVASI	0.0243
coumaroyl-CoA	CC(C)(COP(=O)(O)OP(=O)(O)OC[C@@H]1[C@H]([C@H]([C@@H](O1)N2C=NC3=C(N=CN=C32)N)O)OP(=O)(O)O)[C@H](C(=O)NCCC(=O)NCCSC(=O)/C=C/C4=CC=C(C=C4)O)O	MVTVDEIRKSQRAEGPATIMAIGTSTPPNCVDQSTYPEYYFRITNSEHKAELKEKFKRMCEKSMIKKRYMYLTEEILKENPSVCEYMAPSLDARQDMVVVEVPKLGKEAATKAIKEWGQPKSKITHLVFCTTSGVDMPGADYQLTKLLGLRSSVKRFMMYQQGCFAGGTVLRLAKDLAENNKGARVLVVCSEITAVTFRGPSDTHLDSLVGQALFGDGAAALVIGSDPVIGVEKPLFELVSAAQTILPDSDGAIDGHLREVGLTFHLLKDVPGLISKNVEKSLTEAFKPLGISDWNSLFWIAHPGGPAILDQVEAKLALKPEKLRATRHVLSEYGNMSSACVLFILDEMRKKSAEDGLQSTGEGLEWGVLFGFGPGLTVETVVLHSVAPTI	0.1934
coumaroyl-CoA	CC(C)(COP(=O)(O)OP(=O)(O)OC[C@@H]1[C@H]([C@H]([C@@H](O1)N2C=NC3=C(N=CN=C32)N)O)OP(=O)(O)O)[C@H](C(=O)NCCC(=O)NCCSC(=O)/C=C/C4=CC=C(C=C4)O)O	MVSMEEIRKAQRAQGPATIMAIGTATPPTCVLQSTYPDFYFRVTKSEHMKELKEKFRRMCDKSTIKTRYMYLTEEILKDKPNLCAHMAPSLDERQDIAIVEVPKLGAEAATHAIKEWGQPKSKITHLVVSSINGVDMPGADYHITKLLGLSPSVKRVMMYLQEAGGTALRLAKDLAENNKGARVLVVCSEIATGTFRGPGEMHPDSLIAQALFGDGAAAVIVGSDPLFDVEKPLFEIISSSQTILPNSEGAIEAHLREAGLIVRLRKDVPELIAKHIEESLVEAFKPLGIVDWNSLFWIAHPGGPAFLDQIEEKLSLTPDKLRATRHVLSKYGNLSSACVLFILNEMRHASANITGDDLEWGVLFGFGPGLTIDTVVLHNVSN	0.1372
coumaroyl-CoA	CC(C)(COP(=O)(O)OP(=O)(O)OC[C@@H]1[C@H]([C@H]([C@@H](O1)N2C=NC3=C(N=CN=C32)N)O)OP(=O)(O)O)[C@H](C(=O)NCCC(=O)NCCSC(=O)/C=C/C4=CC=C(C=C4)O)O	MGAVEMIRENQRAKGPATILAIGTANPANCVYQAEYPHYYFRMTKSEHMTALKQKFIRICDKSMIHKRYMHLTEELMEKHPEICSYDDPSLNPRQDIIIDTIPKLGEEAALKAIKEWGQPKSKITHIVFCSTSGVDMPGADYQLMRLLGLSPSVKRVMLYHQGCFAGGTVLRVAKDLAENNAGARVLVVCSEITVTTFRGPSAENLANLVGQAIFGDGAAALIIGSDPEIPAERPIFQLVWTAETVLPNSEGAIEGQLRDVGLTFGLSDRVPHLIADHIEKSLKEAFDSLGISDWNSIFWVPHPGGPAILNQIEAKLGLKKERLRAVRHVLREYGNMSSACVSFILDEMRRKSAEEGLATPGEGLEWGVLFGFGPGLTVETVVLHSVPTVTHG	0.0415
coumaroyl-CoA	CC(C)(COP(=O)(O)OP(=O)(O)OC[C@@H]1[C@H]([C@H]([C@@H](O1)N2C=NC3=C(N=CN=C32)N)O)OP(=O)(O)O)[C@H](C(=O)NCCC(=O)NCCSC(=O)/C=C/C4=CC=C(C=C4)O)O	MRKLSVFASNTSEAGADIHLAKLLNLRHDVQRLAISFQGCAAGGTALRIAKTIVDSSPGARVLVACCDITSPHIDRQNEEDLRDVSMMISTVLFGDGASSVIVGSSFSLELQEKPLFEISSAAQVLVPDTSEHITIKLRPSGLHVDLSREVPRAISTNIAQVMSRVLPGFPFYNDLFWAVHPGGPAILDAVEQALELDRHKLAASRHVLAECGNMSCAACLFVIDEVRRRAVKGGEDPCRWGALVAFGPGMTVEAFLLKRCQEENV	0.1257
coumaroyl-CoA	CC(C)(COP(=O)(O)OP(=O)(O)OC[C@@H]1[C@H]([C@H]([C@@H](O1)N2C=NC3=C(N=CN=C32)N)O)OP(=O)(O)O)[C@H](C(=O)NCCC(=O)NCCSC(=O)/C=C/C4=CC=C(C=C4)O)O	MVTVEEYRKAQRAEGPATILAIGTSTPSNCVDQSTYPDYYFRITNSEHKTELKEKFKRMCDKSMIKKRYMHLTEEILKENPNMCAYMAPSLDARQDIVVVEVPKLGKEAAQKAIKEWGQPKSKITHLVFCTTSGVDMPGCDYQLAKLLGLRPSVKRLMMYQQGCFAGGTVLRLAKDLAENNKGARVLVVCSEITAVTFRGPSESHLDSLVGQALFGDGAAAIIMGSDPIIGVERPLFELVSAAQTLVPDSEGAIDGHLREVGLTFHLLKDVPGLISKNIEKSLLEAFQPLGISDWNSLFWIAHPGGPAILDQVELKLGLKQEKLRATREVLSNYGNMSSACVLFILDEMRKASTKEGLGTTGEGLEWGVLFGFGPGLTVETVVLHSVAT	0.0020
coumaroyl-CoA	CC(C)(COP(=O)(O)OP(=O)(O)OC[C@@H]1[C@H]([C@H]([C@@H](O1)N2C=NC3=C(N=CN=C32)N)O)OP(=O)(O)O)[C@H](C(=O)NCCC(=O)NCCSC(=O)/C=C/C4=CC=C(C=C4)O)O	MLSIQEFRKAQRAEGPANILAIGTATPPNCVLQTTYPDYYFRITKSEHKKDLKEKFTRMCEKSMIKKRYMYLTEEILNEKPNMCAYNAPSLDDRQDIVVVEVPKLGKEAATRAIKEWGQPKSKITHLVFCTTSGVDMPGADYQLTKLLGLRSSVKRFMMYQQGCFAGGTVLRMAKDLAENNKGARVLVVCSEITAVTFRGPDDSHLDSLVGQALFGDGAAAIIVGSDPLPDIEKPLFEIISAAQTILPDSRGAIDGHLREVGLTFHLLKDVPGLISKHIEESLVEAFQPLGIDDWNSLFWIAHPGGPAILDQVEEKLALTPDKLRATRHVLSEYGNMSSACVLFILNEMRHASATDGFSTTGEGLEWGVLFGFGPGLTVETVVLHSVPI	0.0148
coumaroyl-CoA	CC(C)(COP(=O)(O)OP(=O)(O)OC[C@@H]1[C@H]([C@H]([C@@H](O1)N2C=NC3=C(N=CN=C32)N)O)OP(=O)(O)O)[C@H](C(=O)NCCC(=O)NCCSC(=O)/C=C/C4=CC=C(C=C4)O)O	MVTVNEVRNAQRAEGPATVMAIGTATPPNCVDQSTYPDYYFRITNSEHKTELKEKFKRMCDKSMIKKRYMHLTEEILKENPNVCEYMAASLDARQDMVVVEVPKLGKEAAAKAIKEWGQPKSKITHLVFCTTSGVDMPGADYQLTKLLGLRPSVKRFMMYQQGCFAGGTVLRLAKDLAENNKGARVLVVCSEITAVTFRGPSDTHLDSLVGQALFGDGAAAVIVGSDPIPGVEKPMFELVSAAQTILPDSDGAIDGHLREVGLTFHLLKDVPGLISKNIEKSLNEAFQPLGIKDWNSIFWIAHPGGPAILDQVEEKLALKPEKLRSTRHVLSEYGNMSSACVLFILDEMRRKSAEEGLKTTGEGLEWGVLFGFGPGLTVETVVLHSVST	0.0090
coumaroyl-CoA	CC(C)(COP(=O)(O)OP(=O)(O)OC[C@@H]1[C@H]([C@H]([C@@H](O1)N2C=NC3=C(N=CN=C32)N)O)OP(=O)(O)O)[C@H](C(=O)NCCC(=O)NCCSC(=O)/C=C/C4=CC=C(C=C4)O)O	MVRSTRAEGPATILAIGNATPLNSVEQSTYSDYIVHVEHKMKLKEKFKRMCEKSMIKKQYMHLTEEIPKKNNIGEHMAPSLDARQDCGNDMPDADYQLTKVLNLNSNVKCYMVYQQGCFAGSTILRLAKDLVENNKGAHVLIVCSKITIFTLYGLSHINVDSLMGQAIFGDVVAAAIVGSNIIPNVEMPLFELVWTSQIIVPNSEGALSFHLREACLTFHLHKDVPELIPNNIEDVLDEAFKSFNIFYDYNYIFWIVHPGGLAILDLVEEKLGLKPEKMRGSKHVLSEYGNLASICVLFILDEMRRKSKETNQSFYNG	1.8762
coumaroyl-CoA	CC(C)(COP(=O)(O)OP(=O)(O)OC[C@@H]1[C@H]([C@H]([C@@H](O1)N2C=NC3=C(N=CN=C32)N)O)OP(=O)(O)O)[C@H](C(=O)NCCC(=O)NCCSC(=O)/C=C/C4=CC=C(C=C4)O)O	MVTVEDIRKAQRAEGPATVMAIGTANPPNCVDQSTYPDYYFRITNSEHKTELKEKFKRMCEKSMIKKRYMHLTEEILKENPNICEYMASSLDARQDMVVVEVPKLGKEAATKAIKEWGQPKSKITHLVFCTTSGVDMPGADYQLTKLLGLRPSVKRLMMYQQGCFAGGTVLRLAKDLAENNRGARVLVVCSELTAVTFRGPSDTHLDSLVGQALFGDGAAAVIVGADPVPGVEKPLFELVSAAQTILPDSHGAIDGHLREVGLTFHLLKDVPGLISKNIEKSLVEAFQPLGISDWNSIFWIAHPGGPAILDQVEEKLALKPEKLSATRHILSEYGNMSSACVLFILDEMRKKSIEDGLKTTGEGLEWGVLFGFGPGLTVETVVLHSIAA	0.0237
coumaroyl-CoA	CC(C)(COP(=O)(O)OP(=O)(O)OC[C@@H]1[C@H]([C@H]([C@@H](O1)N2C=NC3=C(N=CN=C32)N)O)OP(=O)(O)O)[C@H](C(=O)NCCC(=O)NCCSC(=O)/C=C/C4=CC=C(C=C4)O)O	MEGKFLEDARKLPQLINTGKGKFLEDARKLPELINTWKGKFLEDARKLPMWAPPSNFYNIYIYIINQSLMPCAANARPTYQDGFMQYQRVREDPIIGWIFEPLSTFLYYLSPDVPKLVGANIEELLVKGFSEIDGINNDWNALFYCIHPGGPAILDKVEEKLGLNEEKLRATRHVLREYGNMGAPSKSMEKGKATTGEGLEWGVLIGIGPGLTVETVVLHSVRIAAC	0.0533
coumaroyl-CoA	CC(C)(COP(=O)(O)OP(=O)(O)OC[C@@H]1[C@H]([C@H]([C@@H](O1)N2C=NC3=C(N=CN=C32)N)O)OP(=O)(O)O)[C@H](C(=O)NCCC(=O)NCCSC(=O)/C=C/C4=CC=C(C=C4)O)O	MVSVEEIRKAQRAEGPATVMAIGTATPPNCVDQSTYPDYYFRITNSEHMTELKEKFKRMCDKSMIKKRYMYLNEEILKENPSVCAYMAPSLDARQDMVVVEVPKLGKEAATKAIKEWGQPKSKITHLIFCTTSGVDMPGADYQLTKLLGLRPSVKRYMMYQQGCFAGGTVLRLAKDLAENNKGARVLVVCSEITAVTFRGPTDTHLDSLVGQALFGDGAAAVIVGSDPLPVEKPLFQLVWTAQTILPDSEGAIDGHLREVGLTFHLLKDVPGLISKNIEKALVEAFQPLGISDYNSIFWIAHPGGPAILDQVEAKLGLKPEKMEATRHVLSEYGNMSSACVLFILDQMRKKSIENGLGTTGEGLDWGVLFGFGPGLTVETVVLRSVTL	0.0032
coumaroyl-CoA	CC(C)(COP(=O)(O)OP(=O)(O)OC[C@@H]1[C@H]([C@H]([C@@H](O1)N2C=NC3=C(N=CN=C32)N)O)OP(=O)(O)O)[C@H](C(=O)NCCC(=O)NCCSC(=O)/C=C/C4=CC=C(C=C4)O)O	MVSVLELRMAQRAEGPATILAIGIATPINCVLQSTYPDYYFRVTNSENKKELKAKFKRMCDKSMIRKRYMHLTEDILKEKPSLCAYMAPSLDERQDIVVLEVPKLGAEAATHAIKEWGQPKSMITHLVFSTSCGVDMPGADNQITELLALRPSIKRVMIYENGCYAGGTAIRLAKDLAENNKGARVLVVCSEITAIGFRGPDETHLDGLVGQALFGDGAGAIIVGSDPLPDIEKPLFQIVSASQTIIPDTKSMLRGHVREVGLKYHLHKSIPELIANNIENSLVEAFQPLGIVDWNSLFWIVHPGGAGILDGVEEKLSLTPNKLRATRHILSEYGNMFSSCVLFILNEMRHSSTIDGFETTGEGLEWGVLFGFGPGLTIETVVLHSVRI	0.2862
coumaroyl-CoA	CC(C)(COP(=O)(O)OP(=O)(O)OC[C@@H]1[C@H]([C@H]([C@@H](O1)N2C=NC3=C(N=CN=C32)N)O)OP(=O)(O)O)[C@H](C(=O)NCCC(=O)NCCSC(=O)/C=C/C4=CC=C(C=C4)O)O	MVTVEDIRKAQRAEGPATVMAIGTANPPNCVDQSTYPDYYFRITNSEHKTELKEKFKRMCEKSMIKKRYMHLTEEILKENPNICEYMASSLDARQDMVVVEVPKLGKEAATKAIKEWGQPKSKITHLVFCTTSGVDMPGADYQLTKLHSHGAIDGHLREVGLTFHLLKDVPGLISKNIEKSLVEAFQPLGISDWNSIFWIAHPGGPAILDQVEEKLALKPEKLSATRHILSEYGNMSSACVLFILDEMRKKSIEDGLKTTGEGLEWGVLFGFGPGLTVETVVLHSIAA	0.0469
coumaroyl-CoA	CC(C)(COP(=O)(O)OP(=O)(O)OC[C@@H]1[C@H]([C@H]([C@@H](O1)N2C=NC3=C(N=CN=C32)N)O)OP(=O)(O)O)[C@H](C(=O)NCCC(=O)NCCSC(=O)/C=C/C4=CC=C(C=C4)O)O	MVTVDEVRKAQRAEGPATVLAIGTATPTNCVDQSTYPDYYFRITNSEHKTELKEKFQRMCDKSMIKKRYMHLTEDILKENPNICAYMAPSLDARQDIVVVEIPKLGKEAAVKAIKEWGQPKSKITHLVFCTTSGVDMPGADYQLTKLLGLRPSVKRLMMYQQGCFAGGTVLRLAKDLAENNKGARVLVVCSEITAVTFRGPSDTHLDSLVGQALFGDGAAAIIVGADPVPQVEKPLFELVSAAQTILPDSDGAIDGHLREVGLTFHLLKDVPGLISKNIEKSLVEAFQPLGISDWNSLFWIAHPGGPAILDQVEVKLGLKPEKLRATRHVLADYGNMSSACVLFILDEMRKKSTEDGLKTTGEGLEWGVLFGFGPGLTVETVVLHSVAT	0.0019
coumaroyl-CoA	CC(C)(COP(=O)(O)OP(=O)(O)OC[C@@H]1[C@H]([C@H]([C@@H](O1)N2C=NC3=C(N=CN=C32)N)O)OP(=O)(O)O)[C@H](C(=O)NCCC(=O)NCCSC(=O)/C=C/C4=CC=C(C=C4)O)O	YMAPSLDACQDIVVVEVPKLGKEAAQKAIKKWRQPKSKITHLVFCTTSGVDMPKLLGLRPSVKGFMMYQQGCFAGGTVLRMAKDLAENNAGARDLVVCAEITNIMFWGPNGSPLDSLIERLLFGDGAAAVIVGSDPVVGVERPLFQLVSAAVAVDGGGEVEAVVKGR	0.0023
coumaroyl-CoA	CC(C)(COP(=O)(O)OP(=O)(O)OC[C@@H]1[C@H]([C@H]([C@@H](O1)N2C=NC3=C(N=CN=C32)N)O)OP(=O)(O)O)[C@H](C(=O)NCCC(=O)NCCSC(=O)/C=C/C4=CC=C(C=C4)O)O	MSPKPYHLSTHSPHQPPPSHLPPPSHRLPPSHCPPPSHRRTPPTVAHVPPSHPSHLVHPPTVTQSPTSRHHHQHRHRQQSVWYYKDLVHLFSYRCLKIWSADYRRFTSKKTNTTLKSMVKKRYMHLTEEILKEKPNMCSYMAPSLNDRQDIAVAEVPKLGEQAVTQAIMEWGQPKSKITHLVFATSCGVDMPAADYQLTKLLGLRPSIKRFVMYQHGCYGGGSVLRMAKDLAENNKGARVLVVCSELSSVVSFHGPGETNIDNLVARALFSDGAAAMIVGSDPLLDVEKPLFEIVSASQTIVPDSEGVLDGHLREAGLIFHINDKIPKLVSKNIGTILKEAFQPFDIMDWNSIFWVVHPGGPAILNEVEEKLALRPDKLRASRRVLNEYGNMWGATVLFILNEMRRSSATFRLQTTGKGLEWGVLFGIGPGLTVETVVLRSVSL	0.7725
coumaroyl-CoA	CC(C)(COP(=O)(O)OP(=O)(O)OC[C@@H]1[C@H]([C@H]([C@@H](O1)N2C=NC3=C(N=CN=C32)N)O)OP(=O)(O)O)[C@H](C(=O)NCCC(=O)NCCSC(=O)/C=C/C4=CC=C(C=C4)O)O	MVTVEDVRRAQRAEGPATVMAIGTATPPNCVDQSTYPDYYFRITNSEHKTELKEKFKRMCDKSMIKKRYMYLTEEILKENPNVCAYMAPSLDARQDMVVVEVPKLGKEAATKAIKEWGQPKSKITHLVFCTTSGVDMPGADYQLTKLLGLRPSVKRLMMYQQGCFAGGTVLRLAKDLAENNKGARVLVVCSEITAVTFRGPSDSHLDSLVGQALFGDGAAAIIIGADPIPEVEKPLFELVSAAQTILPDSDGAIDGHLREVGLTFHLLKDVPGLISKNIEKSLVEAFQPLGITDWNSLFWIAHPGGPAILDQVEEKLALKPEKLRSTRHVLSEYGNMSSACVLFILDEMRRKSVEDGLKTTGEGLEWGVLFGFGPGLTVETVVLHSLSA	0.0034
coumaroyl-CoA	CC(C)(COP(=O)(O)OP(=O)(O)OC[C@@H]1[C@H]([C@H]([C@@H](O1)N2C=NC3=C(N=CN=C32)N)O)OP(=O)(O)O)[C@H](C(=O)NCCC(=O)NCCSC(=O)/C=C/C4=CC=C(C=C4)O)O	MPCDEEDENEDLNHCVATILAIGTATPEEFVLQSDYPDFFFRITESENLVELKEKFKRICDKSGIQKRHLHLTESILAGNPELCKDSSETSSLLARQSISNAEVAALGARAAKKALQEGGHSAAEITHLIVATSNGIRMPGPDLAIAKILGLRHDVRRLMLNQVGCYAGGTALRIAKEMAESGGISTRVLIVCSEVGAFTFRPPNEKHPDRLVGSAIVGDGAASLVVGCRDPRLDSSPGQLLELHWAGQFFVPDSEDDLTATLSEQGLIYFLSKHVPDLISSSVRELLPTALAASSKTRDLAPNDLFWRSIREGERDKLRATRETLASYGNMSSPTVLFVLEEIVRQSSRSGEWGVLLSFGPGLTIEIQLLRRC	0.3930
coumaroyl-CoA	CC(C)(COP(=O)(O)OP(=O)(O)OC[C@@H]1[C@H]([C@H]([C@@H](O1)N2C=NC3=C(N=CN=C32)N)O)OP(=O)(O)O)[C@H](C(=O)NCCC(=O)NCCSC(=O)/C=C/C4=CC=C(C=C4)O)O	MVTVEEYRKAQRAEGPATILAIGTSTPSNCVDQSTYPDYYFRITNSEHKTELKEKFKRMCDKSMIKKRYMHLTEEILKENPNMCAYMAPSLDARQDIVVVEVPKLGKEAAQKAIKEWGQPKSKITHLVFCTTSGVDMPGCDYQLAKLLGLRPSVKRLMMYQQGCFVGGTVLRLAKDLAENNKGARVLVVCSEITAVTFRGPSESHLDSLVGQALFGDGAAAIIMGSDPIIGVERPLFELVSAAQTLVPDSEGAIDGHLREVGLTFHLLKDVPGLISKNIEKSLLEAFQPLGISDWNSLFWIAHPGGPAILDQVELKLGLKQEKLRATREVLSNYGNMSSACVLFILDEMRKASTNEGLGTTGEGLEWGVLFGFGPGLTVETVVLHSVAT	0.0035
coumaroyl-CoA	CC(C)(COP(=O)(O)OP(=O)(O)OC[C@@H]1[C@H]([C@H]([C@@H](O1)N2C=NC3=C(N=CN=C32)N)O)OP(=O)(O)O)[C@H](C(=O)NCCC(=O)NCCSC(=O)/C=C/C4=CC=C(C=C4)O)O	MGAVEKIHEDQRAKGPATILAIGTANPANCVYQAEYPHYYFRMTKSEHMTALKQKFIRICDKSMIHKRYMHLTEELMEKHPEICSYDDPSLNPRQDIIIDTIPKLGEEAALKAIKEWGQPKSKITHIVFCSTSGVDMPGADYQLMRLLGLSPSVKRVMLYHQGCFAGGTVLRVAKDLAENNGGARVLVVCSEITVTTFRGPSAENLANLVGQAIFGDGAAALIIGSDPEIPAERPIFQLVWTAETVLPNSEGAIEGQLRDVGLTFGLSDRVPHLIADHIEKSLKEAFDSLGISDWNSIFWVPHPGGPAILNQIEAKLGLKKERLRAVRHVLREYGNMSSACVSFILDEMRRKSAEEGLATPGEGLEWGVLFGFGPGLTVETVVLHSVPTVTHG	0.0187
coumaroyl-CoA	CC(C)(COP(=O)(O)OP(=O)(O)OC[C@@H]1[C@H]([C@H]([C@@H](O1)N2C=NC3=C(N=CN=C32)N)O)OP(=O)(O)O)[C@H](C(=O)NCCC(=O)NCCSC(=O)/C=C/C4=CC=C(C=C4)O)O	MVTVEEVRRAQRAEGPATIMAIGTATPPNCVDQSAYPDYYFRITNSEHKTELKEKFKRMCEKSMIKKRYMHLTEDILKENPNICAYMAPSLDARQDMVVVEVPKLGKEAAVKAIKEWGQPKSKVTHLIFCTTSGVDMPGADYQLTKLLGLRPSVKRYMMYQQGCFAGGTVLRLAKDLAENNKGARVLVVCSEITAVTFRGPTDTHLDSLVGQALFGDGAAAVIVGADPVPGVEKPMFELVSTAQTILPDSDGAIDGHLREVGLTFHLLKDVPGLISKNIEKSLVEAFQPLGISDWNSLFWIAHPGGPAILDQVEEKLKLKAEKLRATRHVLSEYGNMSSACVLFILDEMRKKSTEDGLKTTGEGLEWGVLFGFGPGLTVETVVLHSLAAQA	0.0603
coumaroyl-CoA	CC(C)(COP(=O)(O)OP(=O)(O)OC[C@@H]1[C@H]([C@H]([C@@H](O1)N2C=NC3=C(N=CN=C32)N)O)OP(=O)(O)O)[C@H](C(=O)NCCC(=O)NCCSC(=O)/C=C/C4=CC=C(C=C4)O)O	MVSVEEIRQAQRAEGPATVMAIGTATPPNCVDQSTYPDYYFRITNSEHMTELKEKFKRMCDKSMIKKRYMYLNEEILKENPSVCAYMAPSLDARQDMVVMEVPKLGKEAATKAIKEWGQPKSKITHLIFCTTSGVDMPGADYQLTKLLGLRPSVKRYMMYQQGCFAGGTVLRLAKDLAENNKGARVLVVCSEITAVTFRGPTDTHLDSLVGQALFGDGAAAVIVGSDPLPVEKPLFQLVWTAQTILPDSEGAIDGHLREVGLTFHLLKDVPGLISKNIEKALVEAFQPLGISDYNSIFWIAHPGGPAILDQVEAKLGLKPEKMEATRHVLSEYGNMSSACVLFILDQMRKKSIENGLGTTGEGLDWGVLFGFGPGLTVETVVLRSVTV	0.0075
coumaroyl-CoA	CC(C)(COP(=O)(O)OP(=O)(O)OC[C@@H]1[C@H]([C@H]([C@@H](O1)N2C=NC3=C(N=CN=C32)N)O)OP(=O)(O)O)[C@H](C(=O)NCCC(=O)NCCSC(=O)/C=C/C4=CC=C(C=C4)O)O	MASIEDIRRAQRAEGPATILAIGTATPANCVKQSEYPDFYFRITDSEHMTELKEKFKRMCEKSQIKKRYMHLTEEILKENPNMCAYMAPSLDARQDIVVVEVPKLGKEAAEKAIQEWGQPKSKITHLVFCTTSGVDMPGCDYQLTKLLGLRPSVKRIMMYQLGCFAGGTVLRMAKDLAENNAGARVLVVCSEITAIMFRGPNGSPIDSLIGQFLFGDGAAAVIVGSDPVVGVERPLFQLVSAAQTLLPDSHGGIDCHLREAGLTFHLRKDVPALISKHIGESLKEAFDPLGISDWNSIFWIAHPGGPAILDQVESTLALKPEKLRSTRHVLSEYGNLSSACVLFILDEMRKSSAKEGMSTTGEGLNWGVLFGFGPGLTVETVVLHSVAIN	0.0430
coumaroyl-CoA	CC(C)(COP(=O)(O)OP(=O)(O)OC[C@@H]1[C@H]([C@H]([C@@H](O1)N2C=NC3=C(N=CN=C32)N)O)OP(=O)(O)O)[C@H](C(=O)NCCC(=O)NCCSC(=O)/C=C/C4=CC=C(C=C4)O)O	MVTVEEVRKAQRAEGPATVLAIGTATPPNCVDQATYPDYYFRITNSEHKVELKEKFQRMCDKSMIKKRYMYLTEDILKENPTMCEYMAPSLDARQDMVVVEIPKLGKEAATKAIKEWGQPKSKITHLVFCTTSGVDMPGADYQLTKLLGLRPSVKRLMMYQQGCFAGGTVLRLAKDLAENNRGARVLVVCSEITAVTFRGPNDTHLDSLVGPGLIWVMVQQLLLWVRTQFPRSRAPCLKWCQQP	0.0030
coumaroyl-CoA	CC(C)(COP(=O)(O)OP(=O)(O)OC[C@@H]1[C@H]([C@H]([C@@H](O1)N2C=NC3=C(N=CN=C32)N)O)OP(=O)(O)O)[C@H](C(=O)NCCC(=O)NCCSC(=O)/C=C/C4=CC=C(C=C4)O)O	MVSVEEIRKAQRAEGPATVMAIGTATPPNCVDQSTYPDYYFRITNSEHMTELKEKFKRMCDKSMIKKRYMYLNEEILKENPSVCAYMAPSLDARQDMVVMEVPKLGKEAATKAIKEWGQPKSKITHLIFCTTSGVDMPGADYQLTKLLGLRPSVKRYMMYQQGCFAGGTVLRLAKDLAENNKGARVLVVCSEITAVTFRGPTDTHLDSLVGQALFGDGAAAVIVGSDPLPVEKPLFQLVWTAQTILPDSEGAIDGHLREVGLTFHLLKDVPGLISKNIEKALVEAFQPLGISDYNSIFRIAHPGGPAILDQVEAKLGLKPEKMEATRHVLSEYGNMSSACVLFILDQMRKKSIENGLGTTGEGLDWGVLFGFGPGLTVETVVLRSVTV	0.0074
coumaroyl-CoA	CC(C)(COP(=O)(O)OP(=O)(O)OC[C@@H]1[C@H]([C@H]([C@@H](O1)N2C=NC3=C(N=CN=C32)N)O)OP(=O)(O)O)[C@H](C(=O)NCCC(=O)NCCSC(=O)/C=C/C4=CC=C(C=C4)O)O	ARQDIVVVEVPKLGKEAAQKAIKEWGQPKSKITHLVFCTTSGVDMPGCDYQLTKLLGLRPSVKRFMMYQQGCFAGGTVLRMAKDLAENNAGARVLVVCSEITAVTFRGPNGSHLDSLVGQALFGDGAAAVIVGSDPVVGVERPLFQLVSAAQTLLPDSHGAIDGHLREVGLTFHLLKDVPGLISKHIGKSLKEAFDPLGISDWNSIFWIAHPGGPAILDQVESTLALKPEKLRSTRHVLSEYGNMSSACVLFILDEMRKSSAKEGMSTTGEGLNWGVLFGFGPGLTVETVVLHSVAIN	0.0022
coumaroyl-CoA	CC(C)(COP(=O)(O)OP(=O)(O)OC[C@@H]1[C@H]([C@H]([C@@H](O1)N2C=NC3=C(N=CN=C32)N)O)OP(=O)(O)O)[C@H](C(=O)NCCC(=O)NCCSC(=O)/C=C/C4=CC=C(C=C4)O)O	MVTVDEVRKGQRAEGPATIMAIGTSNPPNCVDQSTYPDYYFRVTNSEHRAELKEKFKRMCEKSMIKKRYIYLTEDMLKENPDMRAYMAPSLDARQDMVVVEVPKLGKEAATKAIKEWGQSKSKITHLVFCTTSGVDMPGADYQLTKLLGLRPSVKRLMMYQQGCFAGGTVLRLAKDLAENNKGARVLVVCSEITAIIFRGPNDTHLDSLIGQALFGDGAAAIIIGSDPVVGVEKPLFEIVSAAQTILPNSDGAIDGHLREAGLTFHLLKDVPGLISNNVEKSLTEAFKPLGISDWNSLFWIAHPGGPAILDQVEAKLGLKPEKLRATRHVLSEYGNMSSACVLFILDEMRKKSAEDGLQSTGEGLEWGVLFGFGPGLTVETVVLHSVATRV	0.0075
coumaroyl-CoA	CC(C)(COP(=O)(O)OP(=O)(O)OC[C@@H]1[C@H]([C@H]([C@@H](O1)N2C=NC3=C(N=CN=C32)N)O)OP(=O)(O)O)[C@H](C(=O)NCCC(=O)NCCSC(=O)/C=C/C4=CC=C(C=C4)O)O	MSMSKIEAKSPAAILAIGTANPANCYYQQDYPDFLFRVTNSDHMTELKDRFKRICEKSKTKKRYLHITEEILKANPNICSYKAPSLDPRQDMLIPAVPKLGKEAALKAIEEWGQPISNITHLIFCTASCVDMPGADFQLVKLLGLDPSVNRFMIYQQGCFAGGTVLRLAKDVAENNPGARVLVVCCEITTMFFQAPTESHVDVLVGQALFSDGASALIVGANPDPKINERQVFEIMSTRGTIVPYSEHGVVAHLREMGFEYYLSPDVPKLVGANIEELLVKGFSEIDGINNDWNSLFYSIHPGGPAILDKVEEKLGLNEGKLRATRHVLREYGNMGAPSVLFILDEMRKKSMEEGKATTGEGLEWGVLIGIGPGLTVETVVLRSVRIAAR	0.0222
coumaroyl-CoA	CC(C)(COP(=O)(O)OP(=O)(O)OC[C@@H]1[C@H]([C@H]([C@@H](O1)N2C=NC3=C(N=CN=C32)N)O)OP(=O)(O)O)[C@H](C(=O)NCCC(=O)NCCSC(=O)/C=C/C4=CC=C(C=C4)O)O	MASVEEFCRAQKSKGPATVLAIGTAVPKNVIEQSTYPDYLFRITNSEHMTELKEKFKRICEGSSIKRRYVHMTEEILKEHPNMSSFTEPSLDARQDILVPEVPKLAKEAAVNALKEWGQPKSKITYLVFCTTSGVDMPGCDYQLTKLLGLRPSVKRYMMYQVGCYGAGLVLRLAKDLAENNKGARVLVVCSEITVCTFRGPSEAFLDNLVGQALFGDGASSVIVGADPVPGIERPLYEIVSTFQTLLPNSEEAIAGHVREIGLTIHLLKDLPALVSKNIDKNMAEAFHPLGITDWNSLFFIVHPGGPAILDQVEAKLKLKPEKIELSRYVLAEYGNMSSACVFFIMDEMRKKSIKKGLKTTGEGLEWGVLFGFGPGLTVETVVLHALST	0.3044
coumaroyl-CoA	CC(C)(COP(=O)(O)OP(=O)(O)OC[C@@H]1[C@H]([C@H]([C@@H](O1)N2C=NC3=C(N=CN=C32)N)O)OP(=O)(O)O)[C@H](C(=O)NCCC(=O)NCCSC(=O)/C=C/C4=CC=C(C=C4)O)O	MVNIEEFHKAQRAEGPATILAIATATPPNCVLQSTYPDSYFSVTKSEHMTELKEKFRRMCDKSMVKTRYMYFTDEMLQEKPNICAHMAPSLDERQDISIVEIPKLGAEAATHAIKEWGQPKSKITHVVFCSINGVDMPGADYQLIKLLRLNPSVKRVMLYHQGCFAGGTVLRLAKDLAENNKGARVLVVCSEIVAGTYRGPGEAHLDGLVAMALFGDGAAAVIVGADPIPDVEKPLYEIVSGFQTILPQSEAAIEGHLREVGIIIQLLKDVPGLIAKHIEKSLVEAFQPLGIEDWNSLFWIAHPGGPAILNQLEDKLSLKPEKLRASRQVLSKYGNMSSACVLFILDEMRRSSATDGAKTTGEGLEWGVLFGFGPGLTVDTVVLHSVSI	0.0491
coumaroyl-CoA	CC(C)(COP(=O)(O)OP(=O)(O)OC[C@@H]1[C@H]([C@H]([C@@H](O1)N2C=NC3=C(N=CN=C32)N)O)OP(=O)(O)O)[C@H](C(=O)NCCC(=O)NCCSC(=O)/C=C/C4=CC=C(C=C4)O)O	MVSVDEFVKTQRAEGPATIIAIGTATPPNCVLQSTYPDYYFRITKSEHKTELKEKFRRMCEKSMVKKRYTCFTEELLKQKPEFCAHMAPSLDERQEIAIVEIPKLGAEAAAQAIEEWGQPKSKITHVVFCTTTGVDMPGADYKLIKLLGLPPSVKRVMMYTQGCFAGGTVLRLAKDMAENNKGARVLVVCSEITALTFRGPDEKHVDSLVGQALFGDGAAAIIVGSDPLHVVEKPLFQIVSASQTILPDSEGAIEGHLREAGLTLHLLKNVPSLISKHIEKSLVEAFQPFGIFDWNSLFWVPHPGGRAILDQVEESLSLTPDKLRATRHVLSEYGNLSCASVLFILNEMRHSSVNDGSKTTGEGLDWGVLFGFGPGLTVDTVVLHSVSI	0.1449
coumaroyl-CoA	CC(C)(COP(=O)(O)OP(=O)(O)OC[C@@H]1[C@H]([C@H]([C@@H](O1)N2C=NC3=C(N=CN=C32)N)O)OP(=O)(O)O)[C@H](C(=O)NCCC(=O)NCCSC(=O)/C=C/C4=CC=C(C=C4)O)O	MSVSKIEDKSPAAILAIGTANPANCYYQQDYPNFLFRITNNDHMTDLKDRFKRICEKSKIKKRYLHITEDILKANPNICRYKAPSLDPCQDMLIPEVPKLGKEAALKAIEEWGQPISNITHLIFCTSSCVDMPGADFQLVKLLGLDPSVNRFMIYLQGCFAGGTALRLAKDVAENNPGARVLVVCCEITAMYFQAPTESHVDVLVGQALFADGASALIVGANPDPKINERPVYEIMSTRETIVPYSEHGVVVHVREMGCEYYLSPDVPKLVGANIEELLVKGFSEIDGTNNDWNSLFYCIHPGGPAILDKVEEKLGLNEEKLRATRHVLREYGNMGAPSVLFILDEMRKKSMEEGKATTGEGLEWGVLIGIGPGLTVETVVLRSVRIAAC	0.1242
coumaroyl-CoA	CC(C)(COP(=O)(O)OP(=O)(O)OC[C@@H]1[C@H]([C@H]([C@@H](O1)N2C=NC3=C(N=CN=C32)N)O)OP(=O)(O)O)[C@H](C(=O)NCCC(=O)NCCSC(=O)/C=C/C4=CC=C(C=C4)O)O	MGSAWANVREICRAQRADGPAAVLAIGTANPANCVPQDEFPDFYFRATKSDHLTGLKEKFKRVCQKLGVQKRYLHHTEELLSAHPEFLDRSSPSLDARLDIVKTAVPELAAQACRKAIAEWGRPAADVTHLVVATNSGAHIPGVDFQLVSLLGLRPTVRRTMLYLNGCSAGAAALRLARDLAENNRGARVLVACAEITVLLFDGPEEGCFQTLVNQGLFGDGAGAVVVGADPAAPAERPLFEIVSAAQTVIPDSEGVITMHLTKGGYGGNISTRQVPVLIGDHIERCLTDAFAPLGVGAGWNDLFWDVHPGSSAILDQVDAVLKLKPEKLAASRRVLSEYGNMFGVTVIFVLDELRRRMTNGEEEGAPAEWGVMVAFGPGLTVETMVLHRSGTPAETKLGEA	0.7608
coumaroyl-CoA	CC(C)(COP(=O)(O)OP(=O)(O)OC[C@@H]1[C@H]([C@H]([C@@H](O1)N2C=NC3=C(N=CN=C32)N)O)OP(=O)(O)O)[C@H](C(=O)NCCC(=O)NCCSC(=O)/C=C/C4=CC=C(C=C4)O)O	MVNVEEFRKAQRAEGPATIMAIGTATPPNCVLQSTYPDYYFRITKSEHKTDLKEKFRRMCDKSMITKRYMYLTEEILKEKPNICAYMAPSLDERQDIVVVEVPKLGKEAAIRAIKEWGQPKSKITHLVFCTTSGVDMPGADYQLTKLLGLRSSVKRFMMYQQGCFAGGTVLRLAKDLAENNKGARVLVVCSEITAVTFRGPNETHLDSLVGQALFGDGAAAIIVGSDPLPDVEKPLFELISAAQTILPDSEGAIDGHLREVGLTFHLLKDVPGLISKHIEKSLVEAFKPLGIADWNSLFWIAHPGGPAILDQVEEKLRLTPDKLRATRQVLSEYGNMSSACVLFILNEMRHSSATAGFDTTGEGLEWGVLFGFGPGLTVETVVLRSVSI	0.0050
coumaroyl-CoA	CC(C)(COP(=O)(O)OP(=O)(O)OC[C@@H]1[C@H]([C@H]([C@@H](O1)N2C=NC3=C(N=CN=C32)N)O)OP(=O)(O)O)[C@H](C(=O)NCCC(=O)NCCSC(=O)/C=C/C4=CC=C(C=C4)O)O	MSAVEKIRENQRAKGPATILAIGTANPVNCVYQAEYPDYYFRMTKSEHMTALKQKFIRICDNSMIHKRYTHLTEELMEKHPEICSYDDPSSFNPRQDIMIDAIPKLGKEAALKAIKEWGQPKSKITHIVFCSFSGVDMPGADYQLMRLLGLSPSVKRVMLYHLGCFAGGTALRIAKDLAENNASARVLVVCSDITVTAFRGPSAENLANLVGQAIFGDGAAALIIGSDPEIPAERPVFQIVWTAETVLPNSECAIEGQLRDVGFTFGLSDRVPHLIASNIEKSLKEAFDSLDISDWNSIFWVPHPGGPAILNQIEAKLGLKKERLRAVRQVLGEYGNMSSASVLFILDEMRRKSAEEGLATTGEGLEWGVLFGFGPGLTVETVVLHSVPTVTRG	0.2390
coumaroyl-CoA	CC(C)(COP(=O)(O)OP(=O)(O)OC[C@@H]1[C@H]([C@H]([C@@H](O1)N2C=NC3=C(N=CN=C32)N)O)OP(=O)(O)O)[C@H](C(=O)NCCC(=O)NCCSC(=O)/C=C/C4=CC=C(C=C4)O)O	MVSVEEIRKAQRAEGPATVMAIGTATPPNCVDQSTYPDYYFRITNSDHMTELKEKFKRMCDKSMIKKRYMYLNEEILKENPSVGAYMAPSLDARQDMVVVEVPKLGKEAATKAIKEWGQSKSKITHLIFCTTSGVDMPGADYQLTKLLGLRPSVKRYMMYQQGCFAGGTVLRLAKDLAENNKGARVLVVCSEITAVTFRGPSDTHLDSLVGQALFGDGAAAVIVGSDPLPAEKPLFELVWTAQTILPDSEGAIDGHLRQVGLTFHLLKDVPGLISKNIEKALVEAFKPLEIDDYNSIFWIAHPGGPAILDQVEAKLGLKHEKMEATRHVLSEYGNMSSACVLFILDQMRKKSIENGLGTTGEGLEWGVLFGFGPGLTVETVVLRSVTV	0.0037
coumaroyl-CoA	CC(C)(COP(=O)(O)OP(=O)(O)OC[C@@H]1[C@H]([C@H]([C@@H](O1)N2C=NC3=C(N=CN=C32)N)O)OP(=O)(O)O)[C@H](C(=O)NCCC(=O)NCCSC(=O)/C=C/C4=CC=C(C=C4)O)O	MVTVEEYRKAQRAEGPATVMAIGTATPSNCVDQSTYPDYYFRITNSEHKTELKEKFKRMCEKSMIKTRYMHLTEEILKENPNMCAYMAPSLDARQDIVVVEVPKLGKEAAQKAIKEWGQPKSKITHLVFCTTSGVDMPGCDYQLAKLLGLRPSVKRLMMYQQGCFAGGTVLRLAKDLAENNKGARVLVVCSEITAVTFRGPSESHLDSLVGQALFGDGAAAIIMGSDPIPGVERPLFQLVSAAQTLLPDSEGAIDGHLREVGLTFHLLKDVPGLISKNIEKSLVEAFQPLGISDWNSLFWIAHPGGPAILDQVELKLGLKPEKLKATREVLSNYGNMSSACVLFILDEMRKASTKEGLGTSGEGLEWGVLFGFGPGLTVETVVLHSVAI	0.0009
coumaroyl-CoA	CC(C)(COP(=O)(O)OP(=O)(O)OC[C@@H]1[C@H]([C@H]([C@@H](O1)N2C=NC3=C(N=CN=C32)N)O)OP(=O)(O)O)[C@H](C(=O)NCCC(=O)NCCSC(=O)/C=C/C4=CC=C(C=C4)O)O	MVNPTVQSILESQRSKGPATILAIGTETPANVVDQKNFPDKYFRITNSEHMVDYKAKFQRICDKSMIEKRYMYLTDEILEKNPELCKFDGSSLDKRQALAMEAVPEIGSAAAEKALKEWGQPKSAITHLILCSVNGVTMPGADVQLIKRVGLSESVKRLMMYQLGCYSGGTVLRLAKDIVENNRGARVLAIVADVMTILRFRGPNESHIGDLLSQGLFGDGAAALVIGADLISGVEKPLYEIASAAQTLVDGTDGAIEGHLKDTGLTAFFHRDIPGFISRNLEAVLAESLKPLGITDWNSVFWMTHPGGAGILDMVEKKLGLHTEKMRASRRVLRDYGNMSGASVLFVMNEMRNQSTTERMTTTGEGLEWGVLFGFGPGVTVETVVLRSVPI	0.8107
coumaroyl-CoA	CC(C)(COP(=O)(O)OP(=O)(O)OC[C@@H]1[C@H]([C@H]([C@@H](O1)N2C=NC3=C(N=CN=C32)N)O)OP(=O)(O)O)[C@H](C(=O)NCCC(=O)NCCSC(=O)/C=C/C4=CC=C(C=C4)O)O	MAPTTTMGSALYPLGEMRRSQRADGLAAVLAIGTANPPNCVTQEEFPDFYFRVTNSDHLTALKDKFKRICQEMGVQRRYLHHTEEMLSAHPEFVDRDAPSLDARLDIAADAVPELAAEAAKKAIAEWGRPAADITHLVVTTNSGAHVPGVDFRLVPLLGLRPSVRRTMLHLNGCFAGCAALRLAKDLAENSRGARVLVVAAELTLMYFTGPDEGCFRTLLVQGLFGDGAAAVIVGADADDVERPLFEIVSAAQTIIPESDHALNMRFTERRLDGVLGRQVPGLIGDNVERCLLDMFGPLLGGDGGGGWNDLFWAVHPGSSTIMDQVDAALGLEPGKLAASRRVLSDYGNMSGATVIFALDELRRQRKEAAAAGEWPELGVMMAFGPGMTVDAMLLHATSHVN	0.2314
coumaroyl-CoA	CC(C)(COP(=O)(O)OP(=O)(O)OC[C@@H]1[C@H]([C@H]([C@@H](O1)N2C=NC3=C(N=CN=C32)N)O)OP(=O)(O)O)[C@H](C(=O)NCCC(=O)NCCSC(=O)/C=C/C4=CC=C(C=C4)O)O	MVTVEEVRKAQRAQGPATVLAIGTSTPPNCVDQSTYPDYYFRITNSEHKTELKEKFKRMCEKSMIKKRYMYLTEEILKENPNVCEYMAPSLDARQDMVVVEVPKLGKEAATKAIKEWGQPKSKITHLVFCTTSGVDMPGADYQLTKLLGLRPSVKRLMMYQQGCFAGGTVLRVAKDLAENNKGARVLVVCSEITAVTFRGPSDTHLDSLVGQALFGDGAAAVIIGADPVPEIEKPMFEIVSVAQTILPDSDGAIDGHLREVGLTFHLLKDVPGLISKNIEKSLVEAFQPLGISDWNSLFWIAHPGGPAILDQVEAKLALKPEKLRATRHVLSEYGNMSSACVLFILDEMRKKSREDGLQTTGEGLEWGVLFGFGPGLTVETVVLHSVAA	0.2289
coumaroyl-CoA	CC(C)(COP(=O)(O)OP(=O)(O)OC[C@@H]1[C@H]([C@H]([C@@H](O1)N2C=NC3=C(N=CN=C32)N)O)OP(=O)(O)O)[C@H](C(=O)NCCC(=O)NCCSC(=O)/C=C/C4=CC=C(C=C4)O)O	MVTVDEIRKAQRAEGPATILAIGTSTPPNCVDQSTYPDYYFRITNSEHKVELKEKFKRMCEKSMIKKRYMHLTEEILKENPSVCEYMAPSLDARQDMVVVEVPKLGKEAAAKAIKEWGQPKSKITHLVFCTTSGVDMPGADYQLTKLLGLRSSVKRFMMYQQGCFAGGTVLRLAKDLAENNKGARVLVVCSEITAVTFRGPSDTHLDSLVGQALFGDGAAAIIIGSDPVLGVEKPLFELVSAAQTILPDSEGAIDGHLREVGLTFHLLKDVPGLISKNIEKSLTEAFKPLGISDWNSLFWIAHPGGPAILDQVEAKLELKPEKLRATRQVLADYGNMSSACVLFILDEMRKKSAKDGLKSTGEGLEWGVLFGFGPGLTVETVVLHSLPATI	0.0537
coumaroyl-CoA	CC(C)(COP(=O)(O)OP(=O)(O)OC[C@@H]1[C@H]([C@H]([C@@H](O1)N2C=NC3=C(N=CN=C32)N)O)OP(=O)(O)O)[C@H](C(=O)NCCC(=O)NCCSC(=O)/C=C/C4=CC=C(C=C4)O)O	MGSSAAPANVREICRAQRADGPAAVLAIGTANPANCVPQDEFPDFYFRATKSDHLTGLKEKFKRVCQKLGVQKRYLHHTEELLSAHPEFLDHSSPSLDARLDIVKTAVPELAAQASRKAIAEWGRPAADITHLVVTTNSGAHIPGVDFRLVPLLGLRPTVRRTMLYLNGCFAGAAALRLARDLAENNSGARVLVVCAEITVLLFNGPEEGCFQTLVNQGLFGDGAGAVIVGADPLAAERPLFEIVSAAQAIIPESEDVITMHLTRGGYGGNISTRQVPVLIGDNIERCLTDAFAPLGGVIGAEWNDLFWDVHPGSSAILDQVDAVLKLKPEKLAASRRVLSEYGNMFGVTVIFVLDELRRRMEKGEEEGAPEWGVMVAFGPGLTVETMVLHRSGTPAEKKLAEA	0.2017
coumaroyl-CoA	CC(C)(COP(=O)(O)OP(=O)(O)OC[C@@H]1[C@H]([C@H]([C@@H](O1)N2C=NC3=C(N=CN=C32)N)O)OP(=O)(O)O)[C@H](C(=O)NCCC(=O)NCCSC(=O)/C=C/C4=CC=C(C=C4)O)O	EHKTELKEKFQRMCDKSMIKKRYMYLTEEILKENPSMCEYMAPSLDARQDMVVVEIPKLGKEAATKAIKEWGQPKSKITHLVFCTTSGVDMPGADYQLTKLLGLRSSVKRLMMYQQGCFAGGTVLRLAKDLAENNRGARVLVVCSEITAVTFRGPSDTHLDSLVGQALFGDGAAAIIVGSDPIPEIEKPLFEVVSAAQTILPDSDGAIDGHLREVGLTFHLLKDVPGLISKNIEKSLNEAFQPLGISDWNSLFWIAHPGGPAILDQVESKLALKPEKLEATRHILSEYGNMSSACVLFILDEVRKRATKKGLKTTGDGLDWGVLFGFGPGLTVETVVLHSVGLNA	0.0015
coumaroyl-CoA	CC(C)(COP(=O)(O)OP(=O)(O)OC[C@@H]1[C@H]([C@H]([C@@H](O1)N2C=NC3=C(N=CN=C32)N)O)OP(=O)(O)O)[C@H](C(=O)NCCC(=O)NCCSC(=O)/C=C/C4=CC=C(C=C4)O)O	MVTVEEYRKAQRAKGPATVMAIGTSTPFNCVDQSTYPDYYFRITNSEHKTELKEKFKRMCDKSMIKKRYMHLTEEILKKNPNMCAYMSPSLDARQDIAIVEVPKLGKEAAQKAIKEWGQPKSKITHLVFCTSSGVDMPGCDYQLAKLLGLCPSVKRLMIYQQDCYAGGTLLRLAKDMAENNKGARVLVVSSEITVVKFRGPSESHIDNLLGQALFGDGVAAVIIGSDPNLGVERPLFKLVSAAQTLVPDSEGAIYGHLREVGHIFHLLKDVPGLISKNIEKSLLDAFQPLGISDWNSLFWITHPGGPAMLDQVELKLGLKPEKLRVSREVLSNYGNMSSACVLFILDEMRKASTKEGLGTTGEGLEWGVLFGFGPGLTI	0.0032
coumaroyl-CoA	CC(C)(COP(=O)(O)OP(=O)(O)OC[C@@H]1[C@H]([C@H]([C@@H](O1)N2C=NC3=C(N=CN=C32)N)O)OP(=O)(O)O)[C@H](C(=O)NCCC(=O)NCCSC(=O)/C=C/C4=CC=C(C=C4)O)O	MGRAPAPANVHEICRARRADGPAAVLAIGTANPGNCVLQEDFPDFYFRATKSEHLTGLKEKFKRVCQKLGVQRRYLHHTEELLSAHPEFLDHIFSPSLDERLDIVKTAVPELAAEASRKAIAEWGRPAADITHLVVTTNSGAHIPGVDFQLVPLLGLRPTVRRTMLYLNGCFAGAAALRVAKDLAENNRGARVLVVCAELTVLMFTRPAEGPFQFQTLINQGLFGDGAGAVIVGADPVATPAERPLFEIVSAAQNIIPESEDAVSMHLTKGGFGGNISARQVPTLIGDNIERCLLDAFEPLGIGAGWNDLFWDVHPGSSAILDQIDAVLQLKPEKMAASRRVLSDYGNMFGVTVIFVLDELRRRMEKGEEEGAPEWGVMVAFGPGLTVETMVLHRCVAQATGATAEEKLTVA	0.0925
coumaroyl-CoA	CC(C)(COP(=O)(O)OP(=O)(O)OC[C@@H]1[C@H]([C@H]([C@@H](O1)N2C=NC3=C(N=CN=C32)N)O)OP(=O)(O)O)[C@H](C(=O)NCCC(=O)NCCSC(=O)/C=C/C4=CC=C(C=C4)O)O	MVSVEEIRQAQRAEGPATVMAIGTATPPNCVDQSTYPDYYFRITNSEHMTELKEKFKRMCDKRIPSVCAYMAPSLDARQDMVVMDGVDMPGADYQLTKLLGLRPSVKRYMMYQQGCFAGGTVLRLAKDLAENNKGARVLVVCSEITAVTFRGPTDTHLDSLVGQALFGDGAAAVIVGSDPLPVEKPLFQLVWTAQTILPDSEGAIDGHLREVGLTFHLLKDVPGLISKNIEKALVEAFQPLGISDYNSIFWIAHPGGPAILDQVEAKLGLKPEKMEATRHVLSEYGNMSSACVLFILDQMRKKSIENGLGTTGEGLDWGVLFGFGPGLTVETVVLRSVTV	0.0149
coumaroyl-CoA	CC(C)(COP(=O)(O)OP(=O)(O)OC[C@@H]1[C@H]([C@H]([C@@H](O1)N2C=NC3=C(N=CN=C32)N)O)OP(=O)(O)O)[C@H](C(=O)NCCC(=O)NCCSC(=O)/C=C/C4=CC=C(C=C4)O)O	MVSVEEIRQAQRAEGPATVMAIGTATPPNCVDQSTYPDYYFRITNSEHMTELKEKFKRMCDKSMIKKRYMYLNEEILKENPSVCAYMAPSLDARQDMVVVEVPKLGKEAATKAIKEWGQPKSKITHLIFCTTSGVDMPGADYQLTKLLGLRPSVKRYMMYQQGCFAGGTVLRLAKDLAENNKGARVLVVCSEITAVTFRGPTDTHLDSLVGQALFGDGAAAVIVGSDPLPVEKPLFQLVWTAQTILPDSEGAIDGHLREVGLTFHLLKDVPGLISKNIEKALVEAFQPLGISDYNSIFWIAHPGGPAILDQVEAKLGLKPEKMEATRHVLSEYGNMSSACVLFILDQMRKKSIENGLGTTGEGLDWGVLFGFGPGLTVETVVLRSVSV	0.0062
coumaroyl-CoA	CC(C)(COP(=O)(O)OP(=O)(O)OC[C@@H]1[C@H]([C@H]([C@@H](O1)N2C=NC3=C(N=CN=C32)N)O)OP(=O)(O)O)[C@H](C(=O)NCCC(=O)NCCSC(=O)/C=C/C4=CC=C(C=C4)O)O	MVSVQDVRRTQRAEGPATVLAIGTVTPTNSVDQSTYPDYYFRVTNSEHKTELKEKFKRMCDKSMIKKRYMHLTEEMLKENPNICAYMAPSLDARQDIVVVEVPKLGKEAAVKAIKEWGQPKSKITHLVFCTTSGVDMPGADYQLTKLLGLRPSIKRLMMYQQGCFAGGTVLRLAKDLAENNKGARVLVVCSELTAVTFRGPSDTHLDSLVGQALFGDGAAAVIVGSDPVPNVEKPLYELVFTAQTILPDSDGAIDGHLREVGLTFHLLKDVPGLISKNIEKSLVEAFQPLGISDWNSIFWIAHPGGPAILDQVEAKLGLEPNKLQATRHILSEFGNMSSACVLFIMDYMRKKSAEDGLESTGEGLEWGVLFGFGPGLTVETVVLHSVANY	0.0004
coumaroyl-CoA	CC(C)(COP(=O)(O)OP(=O)(O)OC[C@@H]1[C@H]([C@H]([C@@H](O1)N2C=NC3=C(N=CN=C32)N)O)OP(=O)(O)O)[C@H](C(=O)NCCC(=O)NCCSC(=O)/C=C/C4=CC=C(C=C4)O)O	MLSIQEFRKAQRAEGPANILAIGTATPPNCVLQTTYPDYYFRITKSEHKKDLKEKFTRMCKLHAYLHRIINNFYITKFVLNIFVMFSGEKSMIKKRYMYLTEEILNEKPNMCAYNAPSLDDRQDIVVVEVPKLGKEAATRAIKEWGQPKSKITHLVFCTTSGVDMPGADYQLTKLLGLRSSVKRFMMYQQGCFAGGTVLRMAKDLAENNKGARVLVVCSEITAVTFRGPDDSHLDSLVGQALFGDGAAAIIVGSDPLPDIEKPLFEIISAAQTILPDSRGAIDGHLREVGLTFHLLKDVPGLISKHIEESLVEAFQPLGIDDWNSLFWIAHPGGPAILDQVEEKLALTPDKLRATRHVLSEYGNMSSACVLFILNEMRHASATDGFSTTGEGLEWGVLFGFGPGLTVETVVLHSVPI	0.0039
coumaroyl-CoA	CC(C)(COP(=O)(O)OP(=O)(O)OC[C@@H]1[C@H]([C@H]([C@@H](O1)N2C=NC3=C(N=CN=C32)N)O)OP(=O)(O)O)[C@H](C(=O)NCCC(=O)NCCSC(=O)/C=C/C4=CC=C(C=C4)O)O	MIEKEDVNHCVATILAIGTATPEEFVLQSEYPDFFFRITESENLVELKEKFKRICDKSGIQKRHLHLTESILAGNPELCKDSSETSSLLARQSIANAEVAALGARAAKKALQEGGHSAAEITHLIVATSNGIRMPGPDLAIAKILGLRHDVRRLMLNQVGCYAGGTALRIAKEMAESGGISTRVLIVCSEVGAFTFRPPNEKHPDRLVGSAIVGDGAASLVVGCRDPKLNSSPGQLLELHWAGQFFVPDSEDDLTATLSEQGLIYFLSKHVPALISSSVCELLPSALAASSKTRDLAPNDLFWAIHPGGRAILDQIETKLGLRSDKLRVTRETLASYGNMSSPTVLFVLEEIVRQSSRSGEWGVLLSFGPGLTIEIQLLRRC	0.4185
coumaroyl-CoA	CC(C)(COP(=O)(O)OP(=O)(O)OC[C@@H]1[C@H]([C@H]([C@@H](O1)N2C=NC3=C(N=CN=C32)N)O)OP(=O)(O)O)[C@H](C(=O)NCCC(=O)NCCSC(=O)/C=C/C4=CC=C(C=C4)O)O	MLVATTVIMMTIMILVIVEQRAELNEEILKENPSVCAYMTPSLDTRQDMVIVEVPKLGKEAATKTIKEWGQPKSKITHLIFCTISGVHMPGADVPTRLLCRWLRLVENNKGARVLLVWSEITAVAALFGDGAAAGIVGSDPLPVEKPLFQLTILPDSEGAINGHLGLGEVGLTFHLLKVDRQF	0.0035
coumaroyl-CoA	CC(C)(COP(=O)(O)OP(=O)(O)OC[C@@H]1[C@H]([C@H]([C@@H](O1)N2C=NC3=C(N=CN=C32)N)O)OP(=O)(O)O)[C@H](C(=O)NCCC(=O)NCCSC(=O)/C=C/C4=CC=C(C=C4)O)O	MGSAPAANFREICRARRADGPAAVLAIGTANPGNCVLQEDFPDFYFRATKSEHLTGLKEKFKRVCQKLGVQRRYLHHTEELLSAHPEFLDLVCSPSLDERLDIVKTAVPELAAAASRKAIAEWGRPAADITHLVVTTNSGAHIPGVDFQLVPLLGLRPTVRRTMLYLNGCFAGAAALRVAKDLAENNRGARVLVVCAELTVLVFTRPVEGYFQTLVKQALFGDGAGAVIVGADPVMTIPAERPLFEIVSAAQTIISESEDAITMHLTKGGCGGNISTRQVPVLIGHNIERCLLDAFQPLGIGAGWNDLFWDVHPGSSAILDQVDTVLHLKPEKLAASRRVLSEYGNMQGVTVIFVLDELRRRMEKGEEEGEPEWGVMVAFGPGLTVETMVLHRCAAQATGAPTEEGLTVFCG	0.3112
coumaroyl-CoA	CC(C)(COP(=O)(O)OP(=O)(O)OC[C@@H]1[C@H]([C@H]([C@@H](O1)N2C=NC3=C(N=CN=C32)N)O)OP(=O)(O)O)[C@H](C(=O)NCCC(=O)NCCSC(=O)/C=C/C4=CC=C(C=C4)O)O	MVSVEAIRKAQRAEGPATVMAIGTATPPNCVDQSTYPDYYFRITNSEHMTELKEKFKRMCDKSMIKKLYMYLNEEILKENPSVCAYMAPSLDARQDMVVVEVPKLGKEAATKAIKEWGQPKSKITHLIFCTTSGVDMPGADYQLTKLLGLRPSVKRYMMYQQGCFAGGTVLRLAKDLAENNKGARVLVVCSEITAVTFRGPTDTHLDSLVGQALFGDGAAAVIVGSDPLPVEKPLFQLIWTAQTILPDSEGAIDGHLREVGLTFHLLKDVPGLISKNIEKALVEAFQPLGISDYNSIFWIAHPGGPAILDQVEAKLGLKPEKMEATRHVLSEYGNMSSACVLFILDQMRKKSIENGLGTTGEGLDWGVLFGFGPGLTVETVVLRSVTV	0.0086
coumaroyl-CoA	CC(C)(COP(=O)(O)OP(=O)(O)OC[C@@H]1[C@H]([C@H]([C@@H](O1)N2C=NC3=C(N=CN=C32)N)O)OP(=O)(O)O)[C@H](C(=O)NCCC(=O)NCCSC(=O)/C=C/C4=CC=C(C=C4)O)O	MVSVEEIRKAQRAEGPATVMAIGTATPPNCVDQSTYPDYYFRITNSDHMNELKEKFKRMCDKSMIKKRYMYLNEEILKENPSVCAYMEPSLDARQDMVVVEVPKLGKEAATKAIKEWGQPKSKITHLIFCTTSGVDMPGADYQLTKLLGLRPSVKRYMMYQQGCFAGGTVLRLAKDLAENNTGARVLVVCSEITAVTFRGPSDTHLDSLVGQALFGDGAAAVIVGSDPLPAEKPLFELVWTAQTILPDSEGAIDGHLREVGLTFHLLKDVPGLISKNIQKALVEAFQPLGIDDYNSIFWIAHPGGPAILDQVEAKLGLKPEKMEATRHVLSEYGNMSSACVLFILDQMRKKSIENGLGTTGEGLEWGVLFGFGPGLTVETVVLRSVTV	0.0070
coumaroyl-CoA	CC(C)(COP(=O)(O)OP(=O)(O)OC[C@@H]1[C@H]([C@H]([C@@H](O1)N2C=NC3=C(N=CN=C32)N)O)OP(=O)(O)O)[C@H](C(=O)NCCC(=O)NCCSC(=O)/C=C/C4=CC=C(C=C4)O)O	MVLQGICWRDLNHPLGLLMQGSVKEIVGSQVNNAFVSCILPFMQLLQTRKEISLSSIQGLEKSEQFGGSPIIDLLGRLHEAELNPRVKDVWWYAGEKNGIFFNQILISCFGGSFSKRKMGLRAGQWSTYPEYYFRITNSEHKTELKEKFKRMCEKSRIKKSYMHLTEEISKENPNVCAYMAPSLDARQDMVVVEVPKLGEEAAVKAIKEWGQPKSKITHLVFCTTSGVDMPGADYQLTKLLGLRPSVKRLMMYQQGCYGGGMVLRLAKDLAENNRGARVLVVCSEITAVTFRGPSDTHLDNLLGQALFGDGAAAVIVGADPVPGVEKPLFELVSAAQTILPDSHGAIDGHLREVGQKLALKSEKLRATRHILSEYGNMSSACVLFILDEMRKKSIEDGLKTTGEGLEWGVLFGFGPGLTVETVISLRWVYQQGVGLLVKSCNKGRLKKNLDIFNWALREEESKKISQIPQHRLCTADVFVSEDGLFKSVEELWDGEM	0.0751
coumaroyl-CoA	CC(C)(COP(=O)(O)OP(=O)(O)OC[C@@H]1[C@H]([C@H]([C@@H](O1)N2C=NC3=C(N=CN=C32)N)O)OP(=O)(O)O)[C@H](C(=O)NCCC(=O)NCCSC(=O)/C=C/C4=CC=C(C=C4)O)O	MTRINYLIQVADLAPSGWEISLGCLFVYSFEPIQSNQPCIRPAMSASKIEAKSPAAILAIGPTNPANCHYQQDYPDFLFRVTNNDHMTELKDKFKRICEKSNVKKRYLHITEEILKANPNICRYKAPSLDPCQDMMIPEVPKLGKEAALKAIEEWGQPISNITHLIFCTSSCVDMPGADLQLVKLLGLDPFVNRFMIYLQGCFAGGTALLKYK	0.6221
coumaroyl-CoA	CC(C)(COP(=O)(O)OP(=O)(O)OC[C@@H]1[C@H]([C@H]([C@@H](O1)N2C=NC3=C(N=CN=C32)N)O)OP(=O)(O)O)[C@H](C(=O)NCCC(=O)NCCSC(=O)/C=C/C4=CC=C(C=C4)O)O	MVTVDEIRKTQRAEGPATIMAIGTSTPPNCVDQSTYPDYYFRITNSEHKAELKEKFKRMCEKSMIKKRYMYLTEEILKENPSVCEYMAPSLDARQDMVVVEVPRLGKEAATKAIKEWGQPKSKITHLVFCTTSGVDMPGADYQLTKLLGLRSSVKRFMMYQQGCFAGGTVLRLAKDLAENNKGARVLVVCSEITAVTFRGPSDTHLDSLVGQALFGDGAAALIIGSDPVIGVEKPLFELVSAAQTILPDSDGAIDGHLREVGLTFHLLKDVPGLISKNVEKSLTEAFKPLGISDWNSLFWIAHPGGPAILDQVEAKLALKPEKLRATRHVLSEYGNMSSACVLFILDEMRKKSAEDGLQSTGEGLEWGVLFGFGPGLTVETVVLHSVAPTI	0.0786
coumaroyl-CoA	CC(C)(COP(=O)(O)OP(=O)(O)OC[C@@H]1[C@H]([C@H]([C@@H](O1)N2C=NC3=C(N=CN=C32)N)O)OP(=O)(O)O)[C@H](C(=O)NCCC(=O)NCCSC(=O)/C=C/C4=CC=C(C=C4)O)O	MVTVEDVRRAQRAEGPATVMAIGTATPPNCVDQSAYPDYYFRITNSEHKTELKEKFKRMCEKSMIKKRYMHLTEEILKENPNVCAYMASSLDARQDMVVVEVPKLGKEAATKAIKEWGQPKSKITHLVFCTTSGVDMPGADYQLTKLLGLRPSVKRLMMYQQGCFAGGTVLRLAKDLAENNKGARVLVVCSEITAVTFRGPSDTHLDSLVGQALFGDGAAALIVGADPVPGVEKPLFELVSAAQTILPDSDGAIDGHLREVGLTFHLLKDVPGLISKNIEKSLVEAFQPLGITDWNSLFWIAHPGGPAILDQVESKLELKPEKLRATRHVLSEYGNMSSACVLFILDEMRKKSAEDRLKTTGEGLEWGVLFGFGPGLTVETVVLHSVSA	0.0239
coumaroyl-CoA	CC(C)(COP(=O)(O)OP(=O)(O)OC[C@@H]1[C@H]([C@H]([C@@H](O1)N2C=NC3=C(N=CN=C32)N)O)OP(=O)(O)O)[C@H](C(=O)NCCC(=O)NCCSC(=O)/C=C/C4=CC=C(C=C4)O)O	MVSVEEFCRAQKSKGPASVLAIGTAVPKNVIEQSTYPDYLFRITNSEHMTDLKEKFKRMYTKLRKDSQSKSRVVSMGVSDARIGFLPDILVSEVPKLAKEAAANALKEWGQPKSKITHLVFCTTSGVDMPGCDYQLTKLLGLRPTVKRYMMYQVGCYGAGLVLRIAKDLAENNKGARVLVVCSEITVCTFRGPTETYLDNLVGQALFGDGASSVIVGSDPVPGIERPLYEIVSTSQTILPNSEGAIAGHVREIGLTIHLLKDVPGLISKNVEKNMAEAFHPLGITDWNSLFFIVHPGGPAILDDVEAKLKLKPEKMEASRYVLGEYGNMSSACVFFIMDEMRKKSIKKGLKTTGEGLEWGVLFGFGPGLTVETVVLHALSA	0.7168
coumaroyl-CoA	CC(C)(COP(=O)(O)OP(=O)(O)OC[C@@H]1[C@H]([C@H]([C@@H](O1)N2C=NC3=C(N=CN=C32)N)O)OP(=O)(O)O)[C@H](C(=O)NCCC(=O)NCCSC(=O)/C=C/C4=CC=C(C=C4)O)O	MVSVEEIRNAQRAEGPATVMAIGTATPPNCVDQSTYPDYYFRITNSEHMTELKEKFKRMCDKSMIKKRYMYLNEEILKENPSVCAYMAPSLDARQDMVVVEVPKLGKEAATKAIKEWGQPKSKITHLIFCTTSGVDMPGADYQLTKLLGLRPSVKRYMMYQQGCFAGGTVLRLAKDLAENNKGARVLVVCSEITAVTFRGPTDTHLDSLVGQALFGDGAAAVIVGSDPLPVEKPLFQLVWTAQTILPDSEGAIDGHLREVGLTFHLLKDVPGLISKNIEKALVEAFQPLGISDYNSIFWIAHPGGPAILDQVEAKLGLKPEKMEATRHVLSEYGNMSSACVLFILDQMRKKSIENGLGTTGEGLDWGVLFGFGPGLTVETVVLRSVTV	0.0032
coumaroyl-CoA	CC(C)(COP(=O)(O)OP(=O)(O)OC[C@@H]1[C@H]([C@H]([C@@H](O1)N2C=NC3=C(N=CN=C32)N)O)OP(=O)(O)O)[C@H](C(=O)NCCC(=O)NCCSC(=O)/C=C/C4=CC=C(C=C4)O)O	MANLHALRREQRAQGPATIMAIGTATPPNLYEQSTFPDFYFRVTNSDDKQELKKKFRRMCEKTMVKKRYLHLTEEILKERPKLCSYKEASFDDRQDIVVEEIPRLAKEAAEKAIKEWGRPKSEITHLVFCSISGIDMPGADYRLATLLGLPLTVNRLMIYSQACHMGAAMLRIAKDLAENNRGARVLVVACEITVLSFRGPNEGDFEALAGQAGFGDGAGAVVVGADPLEGIEKPIYEIAAAMQETVAESQGAVGGHLRAFGWTFYFLNQLPAIIADNLGRSLERALAPLGVREWNDVFWVAHPGNWAIIDAIEAKLQLSPDKLSTARHVFTEYGNMQSATVYFVMDELRKRSAVEGRSTTGDGLQWGVLLGFGPGLSIETVVLRSMPL	10.9672
coumaroyl-CoA	CC(C)(COP(=O)(O)OP(=O)(O)OC[C@@H]1[C@H]([C@H]([C@@H](O1)N2C=NC3=C(N=CN=C32)N)O)OP(=O)(O)O)[C@H](C(=O)NCCC(=O)NCCSC(=O)/C=C/C4=CC=C(C=C4)O)O	MAMISLQAMRKAQRAQGPATILAVGTANPPNLYEQDTYPDYYFRVTNSEHKQELKNKFRLMCEKTMVKRRYLYLTPEILKERPKLCSYMEPSFDDRQDIVVEEVPKLAAEAAENAIKEWGGDKSAITHLVFCSISGIDMPGADYRLAQLLGLPLAVNRLMLYSQACHMGAAMLRIAKDIAENNRSARVLVVACEITVLSFRGPDERDFQALAGQAGFGDGAGAMIVGADPVLGVERPLYHIMSATQTTVPESEKAVGGHLREVGLTFHFFNQLPAIIADNVGNSLAEAFEPIGIKDWNNIFWVAHPGNWAIMDAIETKLGLEQSKLATARHVFSEFGNMQSATVYFVMDELRKRSAAENRATTGDGLRWGVLFGFGPGISIETVVLQSVPL	11.5221
coumaroyl-CoA	CC(C)(COP(=O)(O)OP(=O)(O)OC[C@@H]1[C@H]([C@H]([C@@H](O1)N2C=NC3=C(N=CN=C32)N)O)OP(=O)(O)O)[C@H](C(=O)NCCC(=O)NCCSC(=O)/C=C/C4=CC=C(C=C4)O)O	MGSLQAMRRAQRAQGPATIMAVGTSNPPNLYEQTSYPDFYFRVTNSDHKHALKNKFRVICEKTKVKRRYLHLTEEILKQRPKLCSYMEPSFDDRQDIVVEEIPKLAKEAAEKAIKEWGRPKSEITHLVFCSISGIDMPGADYRLATLLGLPLSVNRLMLYSQACHMGAQMLRIAKDLAENNRGARVLAVSCEITVLSFRGPDAGDFEALACQAGFGDGAAAVVVGADPLPGVERPIYEIAAAMQETVPESERAVGGHLREIGWTFHFFNQLPKLIAENIEGSLARAFKPLGISEWNDVFWVAHPGNWGIMDAIETKLGLEQGKLATARHVFSEYGNMQSATVYFVMDEVRKRSAAEGRATTGEGLEWGVLFGFGPGLTIETVVLRSVPLP	3.4024
