Substrate	Name	Substrate	SMILES	Protein	Sequence	Kcat	value	(1/s)	Protein ID
coumaroyl-CoA	CC(C)(COP(=O)(O)OP(=O)(O)OC[C@@H]1[C@H]([C@H]([C@@H](O1)N2C=NC3=C(N=CN=C32)N)O)OP(=O)(O)O)[C@H](C(=O)NCCC(=O)NCCSC(=O)/C=C/C4=CC=C(C=C4)O)O	MVTVEEVRKAQRAQGPATVLAIGTSTPPNCVDQSTYPDYYFHITNSEHKTELKEKFKRMCEKSMIKKRYMYLTEEILKENPNVCEYMAPSLDARQDMVVVEVPKLGKEAATKAIKEWGQPKSKITHLVFCTTSGVDMPGADYQLTKLLGLRPSVKRLMMYQQGCFAGGTVLRVAKDLAENNKGARVLVVCSEITAVTFRGPSDTHLDSLVGQALFGDGAAAVIIGADPVPEIEKPMFELVSAAQTILPDSDGAIDGHLREVGLTFHLLKDVPGLISKNIEKSLVEAFQPLGISDWNSLFWIAHPGGPAILDQVEAKLALKPEKLRATRHVLSEYGNMSSACVLFILDEMRKKSREDGLQTTGEGLEWGVLFGFGPGLTVETVVLHSVAA	0.0757	A0A1U8KAB4
coumaroyl-CoA	CC(C)(COP(=O)(O)OP(=O)(O)OC[C@@H]1[C@H]([C@H]([C@@H](O1)N2C=NC3=C(N=CN=C32)N)O)OP(=O)(O)O)[C@H](C(=O)NCCC(=O)NCCSC(=O)/C=C/C4=CC=C(C=C4)O)O	MGAIEKIRENQRAKGPATILAIGMANPTNCVYQVKYPDYYFCMTKSEHMTALKQKFIRICDKSMIHKRYMHLTEELMEKHPEICSYDTPSLNPRQHIIIDTIPKLGEEAALKSKMTHIIFCSTSGVDMPSADYQLMRLLGLSPSVKRVMLYSENNAGPSTENLPNLVGQAIFGDGAAALIIKSDLEIPAEQSIFQLGAIEGQLRDVGLTFGLSDRIPHLITSNIKKSLKEAFDSLSIVPHPGGPAILNQIKAKLGLKKEGPEP	2.9704	A0A059CG91
coumaroyl-CoA	CC(C)(COP(=O)(O)OP(=O)(O)OC[C@@H]1[C@H]([C@H]([C@@H](O1)N2C=NC3=C(N=CN=C32)N)O)OP(=O)(O)O)[C@H](C(=O)NCCC(=O)NCCSC(=O)/C=C/C4=CC=C(C=C4)O)O	MVSVEKIRENQRAKGPATILAIGTANPANCMYQDEFPDYYFRMTKSEHMTALKQKFIRICEKSMIHKRYKHLTEELLNKNPEICSYDAPSLNARQDISTVSIPKLGEEAATEAIKEWGQPKSKITHIVFCSLSGADMPGADYQLMRLLGLSPSVKRVMLYHLGCFAGGTALRIAKDLAENNAGARVLIVCSEITVASFRGPSDENHGNLTSQALLGDGAAALIIGSDPEIPSEQPIFQLVWTAETVLPNSESTVESQVRDGGLTLVLSDRVPLLIASNIEKSLNEAFDSLGITDWNPSSGCLIRAKLGLRKERLRAVRHVLREYGNMSSASVFFVLDEMRRKSVEEGLATTGEGLEWGVLFGFGPGLTVETVVLHSVPIVPPG	0.6965	A0A059A287
coumaroyl-CoA	CC(C)(COP(=O)(O)OP(=O)(O)OC[C@@H]1[C@H]([C@H]([C@@H](O1)N2C=NC3=C(N=CN=C32)N)O)OP(=O)(O)O)[C@H](C(=O)NCCC(=O)NCCSC(=O)/C=C/C4=CC=C(C=C4)O)O	MGSVPAATPSVREIWRAQRADGPAAVLAIGTANPAHCVPQDEFPDFYFRATNSDHLTALKGKFKRVFQKLGVEKRYLHHTEELLRAHPEFLDDEAASLDARLDIVATAVPELAAEASKKAISEWGRPAADITHLVVTTNSGAHIPGVDFRLIPLLGLRPSVRRTMLYLNGCFAGSAALRLAKDLAENNRGARVLVVCAELTLMLFNGPKEGSFERLIHQGLFGDGAGAVVVGADPLSPVEHALFEMVSAAQTVIPDSGDAITMHITKGGFGGNISTRDVPVFIGDNVERCLHDSLEPLGIGAKWNDLFWAVHPGSSAILDRIDTVLQLEPEKLAASRRVLSDYGNMFGVTIIFVLDELRRRLREQEGAGGAPEWGVVMTFGPGLTVETMVLHATGHMHASP	0.0622	A0A3B6QKS3
coumaroyl-CoA	CC(C)(COP(=O)(O)OP(=O)(O)OC[C@@H]1[C@H]([C@H]([C@@H](O1)N2C=NC3=C(N=CN=C32)N)O)OP(=O)(O)O)[C@H](C(=O)NCCC(=O)NCCSC(=O)/C=C/C4=CC=C(C=C4)O)O	MVDFREAQRAKGPAAIMAIGTATPPNCVPQSTYADFYFRVTNCEHKTELKEKFKRMCDNSKIKKRYIHLTEEILKEKPNLCAHMAPSLDERQDIAIAEIPKLGAKAATQAINEWGQPKSMITHVVFSSVYGVDMPGADYQLTKLLGLSPSVKRVMLYQQGCFAGASVLRLAKDLAENNKGARVLVVCSEITTPNFRGPDEAHVDNLVSQVLFGDGAAAVIVGSDPIPDVEMKLFEIVSASQTIVPDSDGAIKGHIRQAGFITRLHRDVPELIGKHVEKSLLEAFQPLGISDWNSLFWIAHPGGRAILDQVEENLCLRPEKLRASRHVLAEYGNLSSPCVLFILNEMRHSSVTQGAITTGEGLEWGVLMGFGPGVTVDTVVLHSVSI	0.2620	A0A2J6KEJ5
coumaroyl-CoA	CC(C)(COP(=O)(O)OP(=O)(O)OC[C@@H]1[C@H]([C@H]([C@@H](O1)N2C=NC3=C(N=CN=C32)N)O)OP(=O)(O)O)[C@H](C(=O)NCCC(=O)NCCSC(=O)/C=C/C4=CC=C(C=C4)O)O	YMAPSLDACQDIVVVEVPKLGKEAAQKAIKKWRQPKSKITHLVFCTTSGVDMPKLLGLRPSVKGFMMYQQGCFAGGTVLRMAKDLAENNAGARDLVVCAEITNIMFWGPNGSPLDSLIERLLFGDGAAAVIVGSDPVVGVERPLFQLVSAAVAVDGGGEGVISNYFWKGGFSLLHLLDEGGLANNPIYIIASTLVNKL	0.0023	A0A022RX74
coumaroyl-CoA	CC(C)(COP(=O)(O)OP(=O)(O)OC[C@@H]1[C@H]([C@H]([C@@H](O1)N2C=NC3=C(N=CN=C32)N)O)OP(=O)(O)O)[C@H](C(=O)NCCC(=O)NCCSC(=O)/C=C/C4=CC=C(C=C4)O)O	MPGADNQLIELLDLRPSIKRVMIYENGCYAGGTAIRLAKDLAENNKGARVLFVCSEITAIGFRGPDETHLDGLVGQALFGDGAGAIIVGSDPLPDIEKPLFQIVSASQTIIPDTKSMLRGHIREVGLKYHLHKSIPELIANSIENSLVEAFLPLGIVDWNSLFWLYIQGALRSWTG	11.0036	A0A2J6KEU7
coumaroyl-CoA	CC(C)(COP(=O)(O)OP(=O)(O)OC[C@@H]1[C@H]([C@H]([C@@H](O1)N2C=NC3=C(N=CN=C32)N)O)OP(=O)(O)O)[C@H](C(=O)NCCC(=O)NCCSC(=O)/C=C/C4=CC=C(C=C4)O)O	MVTVEEVRKAQRAEGPATVLAIGTSTPPNCVDQSTYPDYYFRITNSEHKTELKEKFKRMCEKSMIKRRYMYLTEEILKENPNICAYMATSLDARQDMVVVEVPKLGKEAATRAIKEWGQPKSKITHLVFCTTSGVDMPGADYQLTKLLGLRPSVKRLMMYQQGCFAGGTVLRVAKDLAENNKGARVLVVCSEITAVTFRGPSDTHLDSLVGQALFGDGAAAVIIGADPVPEIEKPMFELVSAAQTILPDSDGAIDGHLREVGLTFHLLKDVPGLISKNIEKSLAEAFQPLGISDWNSLFWIAHPGGPAILDQVEAKLALKPEKLRATRHVLSEYGNMSSACVLFILDEMRKKSREDGLKTTGEGLEWGVLFGFGPGLTVETVVLHSISA	0.0448	A0A061EL17
coumaroyl-CoA	CC(C)(COP(=O)(O)OP(=O)(O)OC[C@@H]1[C@H]([C@H]([C@@H](O1)N2C=NC3=C(N=CN=C32)N)O)OP(=O)(O)O)[C@H](C(=O)NCCC(=O)NCCSC(=O)/C=C/C4=CC=C(C=C4)O)O	MVTVEEFRRAQCAEGPATVMAIGTATPSNCVDQSTYPDYYFRITNSEHKVELKEKFKRMCEKSMIKKRYMHLTEEILKENPNICAYMAPSLDARQDIVVVEVPKLGKEAAQKAIKEWGQPKSKITHLVFCTTSGVDMPGCDYQLTKLLGLRPSVKRFMMYQQGCFAGGTVLRMAKDLAENNKGARVLVVCSEITAVTFRGPNDTHLDSLVGQALFGDGAAAVIIGSDPIPEVERPLFELVSAAQTLLPDSEGAIDGHLREVGLTFHLLKDVPGLISKNIEKSLVEAFQPLGISDWNSLFWIAHPGGPAILDQVELKLGLKQEKLKATRKVLSNYGNMSSACVLFILDEMRKASAKEGLGTTGEGLEWGVLFGFGPGLTVETVVLHSVAT	0.0221	Q93XP8
coumaroyl-CoA	CC(C)(COP(=O)(O)OP(=O)(O)OC[C@@H]1[C@H]([C@H]([C@@H](O1)N2C=NC3=C(N=CN=C32)N)O)OP(=O)(O)O)[C@H](C(=O)NCCC(=O)NCCSC(=O)/C=C/C4=CC=C(C=C4)O)O	MTAMSFRGPSGTHMATLVEQSLFADGAAAVVVGSDAAAGVERPLFQIISIAQTLLPESEGCIQGHLTDCGMMVELEKDVPKLISKYIGASLSEAFDPLGISDWNSIFWIVHPGGRAILDDVEAELALRPEKLRKSRRVLSEYGNMSSACVLFIMDEMRKSSAEEGLSSTGEGLDWGVMFGFGPGITVETVVLRSVAIS	2.1984	A0A022QYT5
coumaroyl-CoA	CC(C)(COP(=O)(O)OP(=O)(O)OC[C@@H]1[C@H]([C@H]([C@@H](O1)N2C=NC3=C(N=CN=C32)N)O)OP(=O)(O)O)[C@H](C(=O)NCCC(=O)NCCSC(=O)/C=C/C4=CC=C(C=C4)O)O	MVTVEEVRKAQRAEGPATVLAIGTSTPPNCVDQSTYPDYYFRITNSEHKTELKEKFKRMCEKSMIKKRYMYLTEEILKENPNVCEYMAPSLDARQDMVVVEVPRLGKEAATKAIKEWGQPKSKITHLVFCTTSGVDMPGADYQLTKLLGLRPSVKRLMMYQQGCFAGGTVLRVAKDLAENNKGARVLVVCSEITAVTFRGPSDTHLDSLVGQALFGDGAAAVIVGADPLPEIEKPMFELVSAAQTILPDSDGAIDGHLREVGLTFHLLKDVPGLISKNIEKSLAEAFQPLGISDWNSLFWIAHPGGPAILDQVEAKLALKPEKLRATRHVLSEYGNMSSACVLFILDEMRKKSKEDGLGTTGEGLEWGVLFGFGPGLTVETVVLHSISA	0.0722	A0A1U8LIL8
coumaroyl-CoA	CC(C)(COP(=O)(O)OP(=O)(O)OC[C@@H]1[C@H]([C@H]([C@@H](O1)N2C=NC3=C(N=CN=C32)N)O)OP(=O)(O)O)[C@H](C(=O)NCCC(=O)NCCSC(=O)/C=C/C4=CC=C(C=C4)O)O	MVTFDEIRQAQRADGPATVLAIGTATPQNCVDQSTYPDYYFRITNSEHKTELKEKFQRMCDKSMIKKRYMYLTEEILKENPSVCEYMAPSLDARQDMVVVEVPRLGKEAATKAIKEWGQPKSKITHLIFCTTSGVDMPGADYQLTKLLGLRPYVKRYMMYQQGCFAGGTVLRLAKDLAENNKGARVLVVCSEITAVTFRGPSDTHLDSLVGQALFGDGAAAVIVGSDPLPQVEKPLFELVWTAQTILPDSEGAIDGHLREVGLTFHLLKDVPGLISKNIEKALAEAFQPLGISDYNSIFWIAHPGGPAILDQVEAKLSLKPEKMQATRHVLSEYGNMSSACVLFILDEMRRKSKEDGLATTGEGLEWGVLFGFGPGLTVETVVLHSVAT	0.0404	G7JA70
coumaroyl-CoA	CC(C)(COP(=O)(O)OP(=O)(O)OC[C@@H]1[C@H]([C@H]([C@@H](O1)N2C=NC3=C(N=CN=C32)N)O)OP(=O)(O)O)[C@H](C(=O)NCCC(=O)NCCSC(=O)/C=C/C4=CC=C(C=C4)O)O	MVTVEEVRKAQRAEGPATVLAIGTATPPNCVDQATYPDYYFRITNSEHKAELKEKFQRMCDKSMIKKRYMYLTEEILKENPTMCEYMAPSLDARQDMVVVEIPKLGKEAATKAIKEWGQPKSKITHLVFCTTSGVDMPGADYQLTKLLGLRPSVKRLMMYQQGCFAGGTVLRLAKDLAENNKGARVLVVCSEITAVTFRGPSDTHLDSLVGQALFGDGAAAVIVGADPIPEIEKPLFEVVSAAQTILPDSDGAIDGHLREVGLTFHLLKDVPGLISKNIEKSLNEAFQPLGISDWNSLFWIAHPGGPAILDQVESKLGLKPEKLEATRHILSEYGNMSSACVLFILDEVRKRAAEKGLKTTGDGLDWGVLFGFGPGLTVETVVLHSVGLNA	0.0007	M5XE73
coumaroyl-CoA	CC(C)(COP(=O)(O)OP(=O)(O)OC[C@@H]1[C@H]([C@H]([C@@H](O1)N2C=NC3=C(N=CN=C32)N)O)OP(=O)(O)O)[C@H](C(=O)NCCC(=O)NCCSC(=O)/C=C/C4=CC=C(C=C4)O)O	MVSVEEIRKAQRAEGPATVMAIGTATPPNCVDQSTYPDYYFRITNSDHMTELKEKFKRMCDKSMIKKRYMYLNEEILKENPSVCAYMAPSLDARQDMVVVEVPKLGKEAATKAIKEWGQPKSKITHLIFCTTSGVDMPGADYQLTKLLGLRPSVKRYMMYQQGCFAGGTVLRLAKDLAENNTGARVLVVCSEITAVTFRGPSDTHLDSLVGQALFGDGAAAVILGSDPLPAEKPLFELVWTAQTILPDSEGAIDGHLREVGLTFHLLKDVPGLISKNIQKALVEAFQPLGIDDYNSIFWIAHPGGPAILDQVEAKLGLKPEKMEATRHVLSEYGNMSSACVLFILDQMRKKSIENGLGTTGEGLEWGVLFGFGPGLTVETVVLRSVTV	0.0030	I1J6T1
coumaroyl-CoA	CC(C)(COP(=O)(O)OP(=O)(O)OC[C@@H]1[C@H]([C@H]([C@@H](O1)N2C=NC3=C(N=CN=C32)N)O)OP(=O)(O)O)[C@H](C(=O)NCCC(=O)NCCSC(=O)/C=C/C4=CC=C(C=C4)O)O	MAAASIEDIRRAQRAEGPATILAIGTATPANCVEQTEYPDFYFRITNSEHMTDLKEKFQRMCEKSQIKKRYMHLTEEILKENPNMCAYMAPSLDARQDIVVVEVPKLGKEAAQKAIKEWGQPKSKITHLVFCTTSGVDMPGCDYQLTKLLGLRPSVKRFMMYQQGCFAGGTVLRMAKDLAENNAGARVLVVCSEITAVTFRGPNGSHLDSLVGQALFGDGAAAVIVGSDPVVGVERPLFQLVSAAQTLLPDSHGAIDGHLREVGLTFHLLKDVPGLISKHIGKSLKEAFDPLGISDWNSIFWIAHPGGPAILDQVESTLALKPEKLRSTRHVLSEYGNMSSACVLFILDEMRKSSAKEGMSTTGEGLNWGVLFGFGPGLTVETVVLHSVAIN	0.0147	A0A022RV03
coumaroyl-CoA	CC(C)(COP(=O)(O)OP(=O)(O)OC[C@@H]1[C@H]([C@H]([C@@H](O1)N2C=NC3=C(N=CN=C32)N)O)OP(=O)(O)O)[C@H](C(=O)NCCC(=O)NCCSC(=O)/C=C/C4=CC=C(C=C4)O)O	MVSVEEIRNAQRAEGPATVMAIGTATPPNCVDQSTYPDYYFRITNSEHMTELKEKFKRMCDKSMIKKRYMYLNEEILKENPSVCAYMAPSLDARQDMVVVEVPKLGKEAATKAIKEWGQPKSKITHLIFCTTSGVDMPGADYQLTKLLGLRPSVKRYMMYQQGCFAGGTVLRLAKDLAENNKGARVLVVCSEITAVTFRGPTDTHLDSLVGQALFGDGAAAVIVGSDPLPVEKPLFQLVWTAQTILPDSEGAIDGHLGEVGLTFHLLKDVPGLISKNIEKALVEAFQPLGISDYNSIFWIAHPGGPAILDQVEAKLGLKPEKMEATRHVLSEYGNMSSACVLFILDQMRKKSIENGLGTTGEGLDWGVLFGFGPGLTVETVVLRSVTV	0.0051	P19168
coumaroyl-CoA	CC(C)(COP(=O)(O)OP(=O)(O)OC[C@@H]1[C@H]([C@H]([C@@H](O1)N2C=NC3=C(N=CN=C32)N)O)OP(=O)(O)O)[C@H](C(=O)NCCC(=O)NCCSC(=O)/C=C/C4=CC=C(C=C4)O)O	MVDPYSYKKIYIESLQELQRQFDELQRDLSDFEERVRRAQLLPDENCQVDNNNSDGSVIKKRYIHLTEEILKENPNICEHNAPSFNARQDIVVVEVPKLGKEAAQKAINEWGQPKSKITHLVFCTTSGVDMPGADYQLTKLLGLSPSVKRFMMYQQGCSGGGAVLRLAKDLAENNKGARVLVVCSEILAITFHGPSDTEVDVLIGQVLFGDGAAAVIIGSDPNLEVERPLFELVFATQTLLPDTGYAVYGKTSEAELKFHLHKNVPRLISNDIEKSLVEIFEPLGISYWNSIFWVVHAGGRAIMDKVESKLGLKPEKLRATRHVLSEYGNVASACVLFVLDEIRKNSIKEGLDTTGEGLEWGVLFGFGPGLTIETLVLRSVSNIHK	0.0519	A0A2G2YAS5
coumaroyl-CoA	CC(C)(COP(=O)(O)OP(=O)(O)OC[C@@H]1[C@H]([C@H]([C@@H](O1)N2C=NC3=C(N=CN=C32)N)O)OP(=O)(O)O)[C@H](C(=O)NCCC(=O)NCCSC(=O)/C=C/C4=CC=C(C=C4)O)O	MVTVEEYRKAQRAEGPATILAIGTSTPSNCVDQSTYPDYYFRITNSEHKTELKEKFKRMCDKSMIKKRYMHLTEEILKENPNMCAYMAPSLDARQDIVVVEVPKLGKRGTQKAIKEWGQPKSKITHLVFCTTSGVDMPACDYQLAKLLPVRPSVKRLMMYQQGCFAGGTVLRLAKDLAENNKGARVLVVCSEITAVTFRGPSESHLDSLVGQALFGDGAAAIIIGSDPIIGVERPLFELVSAAQTLVPDSEGAIDGHLREVGLTFHLLKDVPGLISKNIEKSLLEAFQPLGISDWNSLFWIAHPGGPAILDQVELKLGLKPEKLRATREVLSNYGNMSSACVLFILDEMRKASTKEGLGTTGEGLEWGVLFGFGPGLTVETVVLHSVAA	0.0037	P23418
coumaroyl-CoA	CC(C)(COP(=O)(O)OP(=O)(O)OC[C@@H]1[C@H]([C@H]([C@@H](O1)N2C=NC3=C(N=CN=C32)N)O)OP(=O)(O)O)[C@H](C(=O)NCCC(=O)NCCSC(=O)/C=C/C4=CC=C(C=C4)O)O	MVTVNEIRQAQRAEGPATVLAIGTANPLNCVDQSTYPDFYFRITNSEHKTELKEKFQRMCDKSMIKKRYMHLTEQILKENPSFCEFMAPSLDARQDIVVEEVPKLGKEAAIKAINEWGQPKSMVTHLIFCTSSGVDMPGADYQLTKLLGLCPYVKRYMMYQQGCFAGAMALRLAKDLAENNKGARVLMVSSEIRVFNFRGPSDTDLDSLMGRALFGDGAAAVIVGSDPLPEVEKPLFELVWTAQTIIPDSEGAIKAHTREAGLTLHIIKDVPDLISKNIEKTLVEAFQPLNISDYNSIFWIAHPGGRAILDQVEAKLGLKPEKMQATRHVLSEYGNMSSPSVLFILDEMRRKSKEEGLGTTGEGLEWGVLLSFGPGLTVETVVLHSVAT	0.0101	G7J2L1
coumaroyl-CoA	CC(C)(COP(=O)(O)OP(=O)(O)OC[C@@H]1[C@H]([C@H]([C@@H](O1)N2C=NC3=C(N=CN=C32)N)O)OP(=O)(O)O)[C@H](C(=O)NCCC(=O)NCCSC(=O)/C=C/C4=CC=C(C=C4)O)O	MVTVEEVRKAQRAQGPATVLAIGTSTPPNCVDQSTYPDYYFRITNSEHKTELKEKFKRMCEKSMIKKRYMYLTEEILKENPNVCAYMEPSLDARQDMVVVEVPKLGKEAAARAIKEWGQPKSKITHLVFCTTSGVDMPGADYQLTKLLGLRPSVKRLMMYQQGCFAGGTVLRVAKDLAENKKGARVLVVCSEITAVTFRGPSDTHLDSLVGQALFGDGAAAVIIGSDPIPEIEKPLFELVSTAQTILPDSDGAIDGHLREVGLTFHLLKDVPGLISKNIEKSLVEAFQPLGITDWNSLFWIAHPGGPAILDQVEAKLALKPEKLRATRHVLSEYGNMSSACVLFILDEMRNKSREDGVQTTGEGLEWGVLFGFGPGLTVETVVLHSIPA	0.0922	A0A1U8M7U1
coumaroyl-CoA	CC(C)(COP(=O)(O)OP(=O)(O)OC[C@@H]1[C@H]([C@H]([C@@H](O1)N2C=NC3=C(N=CN=C32)N)O)OP(=O)(O)O)[C@H](C(=O)NCCC(=O)NCCSC(=O)/C=C/C4=CC=C(C=C4)O)O	MVTVEEVRKAQRAEGPATVLAIGTATPPNCVDQATYPDYYFRITNSEHKTELKEKFQRMCDKSMIKKRYMYLTEEILKENPSMCEYMAPSLDARQDMVVVEIPKLGKEAATKAIKEWGQPKSKITHLVFCTTSGVDMPGADYQLTKLLGLRSSVKRLMMYQQGCFAGGTVLRLAKDLAENNRGARVLVVCSEITAVTFRGPSDTHLDSLVGQALFGDGAAAIIVGSDPIPEIEKPLFEVVSAAQTILPDSDGAIDGHLREVGLTFHLLKDVPGLISKNIEKSLNEAFQPLGISDWNSLFWIAHPGGPAILDQVESKLSLKPEKLEATRHILSEYGNMSSACVLFILDEVRKRAAEKGLKTTGDGLDWGVLFGFGPGLTVETVVLHSVGLNA	0.0009	M5XDM9
coumaroyl-CoA	CC(C)(COP(=O)(O)OP(=O)(O)OC[C@@H]1[C@H]([C@H]([C@@H](O1)N2C=NC3=C(N=CN=C32)N)O)OP(=O)(O)O)[C@H](C(=O)NCCC(=O)NCCSC(=O)/C=C/C4=CC=C(C=C4)O)O	MVSVEEIRKAQRAEGPATVMAIGTATPPNCVDQSTYPDYYFRITNSEHMTELKEKFKRMCDKSMIKKRYMYLNEEILKENPSVCAYMAPSLDARQDMVVMEVPKLGKEAATKAIKEWGQPKSKITHLIFCTTSGVDMPGADYQLTKLLGLRPSVKRYMMYQQGCFAGGTVLRLAKDLAENNKGARVLVVCSEITAVTFRGPTDTHLDSLVGQALFGDGAAAVIVGSDPLPVEKPLFQLVWTAQTILPDSEGAIDGHLREVGLTFHLLKDVPGLISKNIEKALVEAFQPLGISDYNSIFWIAHPGGPAILDQVEAKLGLKPEKMEATRHVLSEYGNMSSACVLFILDQMRKKSIENGLGTTGEGLDWGVLFGFGPGLTVETVVLRSVTV	0.0041	Q6X0N0
coumaroyl-CoA	CC(C)(COP(=O)(O)OP(=O)(O)OC[C@@H]1[C@H]([C@H]([C@@H](O1)N2C=NC3=C(N=CN=C32)N)O)OP(=O)(O)O)[C@H](C(=O)NCCC(=O)NCCSC(=O)/C=C/C4=CC=C(C=C4)O)O	MGSVPAATPSVREICRAQRADGPAAVLAIGTANPAHCVPQDEFPDFYFRATNSDHLTALKGKFKRVFQKLGVERRYLHHTEELLRAHPEFLDDEAASLDARLDIVATAVPELAAEASKKAIAEWGRPAADITHLVVTTNSGAHIPGVDFRLIALLGLRPSVRRTMLYLNGCFAGSAALRLAKDLAENNRGARVLVVCAELTLMLFNGPKEGSFERLIHQGLFGDGAGAVVVGADPLSPVEHALFEMVSAAQTVIPDSGDAITMHITKGGFGGNISTREVPVFIGDNVERCLHDSLEPLGVGAKWNDLFWAVHPGSSAILDRIDTVLQLEPEKLAASRRVLSDYGNMFGVTIIFVLDELRRRLREQEGVGGAPEWGVVMTFGPGLTVETMVLHATGHMHASP	0.0490	A0A3B6NU86
coumaroyl-CoA	CC(C)(COP(=O)(O)OP(=O)(O)OC[C@@H]1[C@H]([C@H]([C@@H](O1)N2C=NC3=C(N=CN=C32)N)O)OP(=O)(O)O)[C@H](C(=O)NCCC(=O)NCCSC(=O)/C=C/C4=CC=C(C=C4)O)O	MVTVEEYRKAQRAEGPATILAIGTSTPSNCVDQSTYPDYYFRITNSEHKTELKEKFKRMCDKSMIKKRYMHLTEEILKENPNMCAYMAPSLDARQDIVVVEVPKLGKEAAQKAIKEWGQPKSKITHLVFCTTSGVDMPGCDYQLAKLLGLRPSVKRLMMYQQGCFAGGTVLRLAKDLAENNKGARVLVVCSEITAVTFRGPSESHLDSLVGQALFGDGAAAIIIGSDPIIGVERPLFELVSAAQTLVPDSEGAIDGHLREVGLTFHLLKDVPGLISKNIEKSLLEAFQPLGISDWNSLFWIAHPGGPAILDQVELKLGLKPEKLRATREVLSNYGNMSSACVLFILDEMRKASTKEGLGTTGEGLEWGVLFGFGPGLTVETVVLHSVAA	0.0024	A0A3Q7J3Y1
coumaroyl-CoA	CC(C)(COP(=O)(O)OP(=O)(O)OC[C@@H]1[C@H]([C@H]([C@@H](O1)N2C=NC3=C(N=CN=C32)N)O)OP(=O)(O)O)[C@H](C(=O)NCCC(=O)NCCSC(=O)/C=C/C4=CC=C(C=C4)O)O	MPGADYQLTKLLGLSPSVKRFMMYQQGCFGGGAVLRLAKDLTENNKGARVLVVCAEITVVTFHGPSDTDLDVLVGQVLFGDGAAAVIIGSDPILEVEKPLFELVSATQTLISDTRYAVYVLIGTLIFWVVHAGGRAILDQVELKLGLEPEKLRATRHVLSEYGNVASACVLFVLDEMRKYSIKEWYLPSIRSFHLSSKSPTPALSCRIIAPDPD	0.2522	A0A2G2YAP5
coumaroyl-CoA	CC(C)(COP(=O)(O)OP(=O)(O)OC[C@@H]1[C@H]([C@H]([C@@H](O1)N2C=NC3=C(N=CN=C32)N)O)OP(=O)(O)O)[C@H](C(=O)NCCC(=O)NCCSC(=O)/C=C/C4=CC=C(C=C4)O)O	MVTVNEIRQAQRAEGPATVFAIGTANPQNCVDQSTYPDFYFRITNSEHKTELREKFQRMCDKSMIKKRYMHLTEEILKENPSLCEYMAPSLDARQDMVVVEVPKLGKEAATKAIKEWGQPKSKITHLIFCTTSGVDMPGADYQLTKLLGLRPYVKRYMMYQQGCFAGGTVLRLAKDLAENNKGARVLVVCSEITAVTFRGPSDTHLDSLVGQALFGDGAAAVIVGSDPLPEVEKPLFELVWTAQTIVPDSEGAIDGHLREAGLTFHLLKDVPGLVSKNIEKALVEAFQPLNISDYNSIFWIAHPGGPAILDQVELKLGLKPEKMQATRHVLSEYGNMSSACVLFILDEMRMKSKEDGLATTGEGLEWGVLFGFGPGLTIETVVLRSVST	0.0065	G7JA71
coumaroyl-CoA	CC(C)(COP(=O)(O)OP(=O)(O)OC[C@@H]1[C@H]([C@H]([C@@H](O1)N2C=NC3=C(N=CN=C32)N)O)OP(=O)(O)O)[C@H](C(=O)NCCC(=O)NCCSC(=O)/C=C/C4=CC=C(C=C4)O)O	MGSVPAATPSVREIWRAQRADGPAAVLAIGTANPAHCVPQDEFPDFYFRATNSDHLTALKGKFKRVFQKLGVEKRYLHHTEELLRAHPEFLDDQAASLDARLDIVATAVPELAAEASKKAIAEWGRPAADITHLVVTTNSGAHIPGVDFRLIALLGLRPNVRRTMLYLNGCFAGSAALRLAKDLAENNRGARVLVVCAELTLMLFNGPKEGSFERLIHQGLFGDGAGAVVVGADPLSPVEHALFEMVSAAQTVIPDSGDAITMHITKGGRRVLSDYGNMFGVTIIFVLDELRRRLREQEGVGGAPEWGVVMTFGPGLTVETMVLHATEHMHASP	0.0094	A0A3B6PRN8
coumaroyl-CoA	CC(C)(COP(=O)(O)OP(=O)(O)OC[C@@H]1[C@H]([C@H]([C@@H](O1)N2C=NC3=C(N=CN=C32)N)O)OP(=O)(O)O)[C@H](C(=O)NCCC(=O)NCCSC(=O)/C=C/C4=CC=C(C=C4)O)O	MLTVEEVRKAQRAEGPATVLAIGTSTPPNCVDQSTYPDYYFRITNSEHKTELKEKFKRMCEKSMIKKRYMYLTEEILKENPNVCEYMAPSLDARQDMVVVEVPRLGKEAATKAIKEWGQPKSKITHLVFCTTSGVDMPGADYQLTKLLGLRPSVKRLMMYQQGCFAGGTVLRVAKDLAENNKGARVLVVCSEITAVTFRGPSDTHLDSLVGQALFGDGAAAVIVGADPLPEIEKPMFELVSAAQTILPDSDGAIDGHLREVGLTFHLLKDVPGLISKNIEKSLAEAFQPLGISDWNSLFWIAHPGGPAILDQVEAKLALKSEKLRATRHVLSEYGNMSSACVLFILDEMRKKSKEDGLGTTGEGLEWGVLFGFGPGLTVETVVLHSISA	0.0383	A0A1U8PCJ5
coumaroyl-CoA	CC(C)(COP(=O)(O)OP(=O)(O)OC[C@@H]1[C@H]([C@H]([C@@H](O1)N2C=NC3=C(N=CN=C32)N)O)OP(=O)(O)O)[C@H](C(=O)NCCC(=O)NCCSC(=O)/C=C/C4=CC=C(C=C4)O)O	MVTVEEVRKAQRAQGPATVLAIGTSTPPNCVDQSTYPDYYFRITNSEHKTELKEKFKRMCEKSMIKKRYMYLTEEILKENPNVCEYMAPSLDARQDMVVVEVPKLGKEAATKAIKEWGQPKSKITHLVFCTTSGVDMPGADYQLTKLLGLRPSVKRLMMYQQGCFAGGTVLRVAKDLAENNKGARVLVVCSEITAVTFRGPSDTHLDSLVGQALFGDGAAAVIIGADPMPEIEKPMFEIVSVAQTILPDSDGAIDGHLREVGLTFHLLKDVPGLISKNIEKSLVEAFQPLGISDWNSLFWIAHPGGPAILDQVEAKLALKPEKLRATRHVLSEYGNMSSACVLFILDEMRKKSREDGLQTTGEGLEWGVLFGFGPGLTVETVVLHSVAA	0.2463	B5LXY1
coumaroyl-CoA	CC(C)(COP(=O)(O)OP(=O)(O)OC[C@@H]1[C@H]([C@H]([C@@H](O1)N2C=NC3=C(N=CN=C32)N)O)OP(=O)(O)O)[C@H](C(=O)NCCC(=O)NCCSC(=O)/C=C/C4=CC=C(C=C4)O)O	MVTVEEFRRAQRAEGPATVMAIGTATPSNCVDQSTYPDYYFRITNSEHKTELKEKFKRMCEKSMIKKRYMHLTEEILKENPNICAYMAPSLDARQDIVVVEVPKLGKEAAQKAIKEWGQPKSKISHLVFCTTSGVDMPGCDYQLTKLLGLRPSVKRFMMYQQGCFAGGTVLRMAKDLAENNKGARVLVVCSEITAVTFRGPNDTHLDSLVGQALFGDGAAAVIVGSDPIPDVERPLFELVSAAQTLLPDSEGAIDGHLREVGLTFHLLKDVPGLISKNIEKSLVEAFQPLGISDWNSLFWIAHPGGPAILDQVELKLGLKQEKLKATRNVLSNYGNMSSACVLFILDEMRKASAKEGLGTTGEGLEWGVLFGFGPGLTVETVVLHSVAT	0.0176	A0A1S4C003
coumaroyl-CoA	CC(C)(COP(=O)(O)OP(=O)(O)OC[C@@H]1[C@H]([C@H]([C@@H](O1)N2C=NC3=C(N=CN=C32)N)O)OP(=O)(O)O)[C@H](C(=O)NCCC(=O)NCCSC(=O)/C=C/C4=CC=C(C=C4)O)O	MVTVDEVRKAQRAEGPAVILAIGTSTPPNCVDQSTYPDYYFRITNSEHKVELKEKFKRMCEKSMIKKRYMHLTEEILKENPSVCEYMAPSLDARQDMVVVEVPKLGKEAAAKAIKEWGQPKSKITHLVFCTTSGVDMPGADYQLTKLLGLRSSVKRFMMYQQGCFAGGTVLRLAKDLAENNKGARVLVVCSEITAVTFRGPSDTHLDSLVGQALFGDGAAAIIIGSDPVLGVEKPLFELVSAAQTILPDSDGAIDGHLREVGLTFHLLKDVPGLISKNIEKSLTEAFKPLGISDWNSLFWIAHPGGPAILDQVEAKLELKPEKLRATRQVLADYGNMSSACVLFILDEMRKKSAKDGLKSTGEGLEWGVLFGFGPGLTVETVVLHSVASI	0.0243	A9PFH2
coumaroyl-CoA	CC(C)(COP(=O)(O)OP(=O)(O)OC[C@@H]1[C@H]([C@H]([C@@H](O1)N2C=NC3=C(N=CN=C32)N)O)OP(=O)(O)O)[C@H](C(=O)NCCC(=O)NCCSC(=O)/C=C/C4=CC=C(C=C4)O)O	MVTVDEIRKSQRAEGPATIMAIGTSTPPNCVDQSTYPEYYFRITNSEHKAELKEKFKRMCEKSMIKKRYMYLTEEILKENPSVCEYMAPSLDARQDMVVVEVPKLGKEAATKAIKEWGQPKSKITHLVFCTTSGVDMPGADYQLTKLLGLRSSVKRFMMYQQGCFAGGTVLRLAKDLAENNKGARVLVVCSEITAVTFRGPSDTHLDSLVGQALFGDGAAALVIGSDPVIGVEKPLFELVSAAQTILPDSDGAIDGHLREVGLTFHLLKDVPGLISKNVEKSLTEAFKPLGISDWNSLFWIAHPGGPAILDQVEAKLALKPEKLRATRHVLSEYGNMSSACVLFILDEMRKKSAEDGLQSTGEGLEWGVLFGFGPGLTVETVVLHSVAPTI	0.1934	B9H088
coumaroyl-CoA	CC(C)(COP(=O)(O)OP(=O)(O)OC[C@@H]1[C@H]([C@H]([C@@H](O1)N2C=NC3=C(N=CN=C32)N)O)OP(=O)(O)O)[C@H](C(=O)NCCC(=O)NCCSC(=O)/C=C/C4=CC=C(C=C4)O)O	MVSMEEIRKAQRAQGPATIMAIGTATPPTCVLQSTYPDFYFRVTKSEHMKELKEKFRRMCDKSTIKTRYMYLTEEILKDKPNLCAHMAPSLDERQDIAIVEVPKLGAEAATHAIKEWGQPKSKITHLVVSSINGVDMPGADYHITKLLGLSPSVKRVMMYLQEAGGTALRLAKDLAENNKGARVLVVCSEIATGTFRGPGEMHPDSLIAQALFGDGAAAVIVGSDPLFDVEKPLFEIISSSQTILPNSEGAIEAHLREAGLIVRLRKDVPELIAKHIEESLVEAFKPLGIVDWNSLFWIAHPGGPAFLDQIEEKLSLTPDKLRATRHVLSKYGNLSSACVLFILNEMRHASANITGDDLEWGVLFGFGPGLTIDTVVLHNVSN	0.1372	A0A2J6KEK8
coumaroyl-CoA	CC(C)(COP(=O)(O)OP(=O)(O)OC[C@@H]1[C@H]([C@H]([C@@H](O1)N2C=NC3=C(N=CN=C32)N)O)OP(=O)(O)O)[C@H](C(=O)NCCC(=O)NCCSC(=O)/C=C/C4=CC=C(C=C4)O)O	MGAVEMIRENQRAKGPATILAIGTANPANCVYQAEYPHYYFRMTKSEHMTALKQKFIRICDKSMIHKRYMHLTEELMEKHPEICSYDDPSLNPRQDIIIDTIPKLGEEAALKAIKEWGQPKSKITHIVFCSTSGVDMPGADYQLMRLLGLSPSVKRVMLYHQGCFAGGTVLRVAKDLAENNAGARVLVVCSEITVTTFRGPSAENLANLVGQAIFGDGAAALIIGSDPEIPAERPIFQLVWTAETVLPNSEGAIEGQLRDVGLTFGLSDRVPHLIADHIEKSLKEAFDSLGISDWNSIFWVPHPGGPAILNQIEAKLGLKKERLRAVRHVLREYGNMSSACVSFILDEMRRKSAEEGLATPGEGLEWGVLFGFGPGLTVETVVLHSVPTVTHG	0.0415	A0A059CFX3
coumaroyl-CoA	CC(C)(COP(=O)(O)OP(=O)(O)OC[C@@H]1[C@H]([C@H]([C@@H](O1)N2C=NC3=C(N=CN=C32)N)O)OP(=O)(O)O)[C@H](C(=O)NCCC(=O)NCCSC(=O)/C=C/C4=CC=C(C=C4)O)O	MRKLSVFASNTSEAGADIHLAKLLNLRHDVQRLAISFQGCAAGGTALRIAKTIVDSSPGARVLVACCDITSPHIDRQNEEDLRDVSMMISTVLFGDGASSVIVGSSFSLELQEKPLFEISSAAQVLVPDTSEHITIKLRPSGLHVDLSREVPRAISTNIAQVMSRVLPGFPFYNDLFWAVHPGGPAILDAVEQALELDRHKLAASRHVLAECGNMSCAACLFVIDEVRRRAVKGGEDPCRWGALVAFGPGMTVEAFLLKRCQEENV	0.1257	D8RL01
coumaroyl-CoA	CC(C)(COP(=O)(O)OP(=O)(O)OC[C@@H]1[C@H]([C@H]([C@@H](O1)N2C=NC3=C(N=CN=C32)N)O)OP(=O)(O)O)[C@H](C(=O)NCCC(=O)NCCSC(=O)/C=C/C4=CC=C(C=C4)O)O	MVTVEEYRKAQRAEGPATILAIGTSTPSNCVDQSTYPDYYFRITNSEHKTELKEKFKRMCDKSMIKKRYMHLTEEILKENPNMCAYMAPSLDARQDIVVVEVPKLGKEAAQKAIKEWGQPKSKITHLVFCTTSGVDMPGCDYQLAKLLGLRPSVKRLMMYQQGCFAGGTVLRLAKDLAENNKGARVLVVCSEITAVTFRGPSESHLDSLVGQALFGDGAAAIIMGSDPIIGVERPLFELVSAAQTLVPDSEGAIDGHLREVGLTFHLLKDVPGLISKNIEKSLLEAFQPLGISDWNSLFWIAHPGGPAILDQVELKLGLKQEKLRATREVLSNYGNMSSACVLFILDEMRKASTKEGLGTTGEGLEWGVLFGFGPGLTVETVVLHSVAT	0.0020	Q43163
coumaroyl-CoA	CC(C)(COP(=O)(O)OP(=O)(O)OC[C@@H]1[C@H]([C@H]([C@@H](O1)N2C=NC3=C(N=CN=C32)N)O)OP(=O)(O)O)[C@H](C(=O)NCCC(=O)NCCSC(=O)/C=C/C4=CC=C(C=C4)O)O	MLSIQEFRKAQRAEGPANILAIGTATPPNCVLQTTYPDYYFRITKSEHKKDLKEKFTRMCEKSMIKKRYMYLTEEILNEKPNMCAYNAPSLDDRQDIVVVEVPKLGKEAATRAIKEWGQPKSKITHLVFCTTSGVDMPGADYQLTKLLGLRSSVKRFMMYQQGCFAGGTVLRMAKDLAENNKGARVLVVCSEITAVTFRGPDDSHLDSLVGQALFGDGAAAIIVGSDPLPDIEKPLFEIISAAQTILPDSRGAIDGHLREVGLTFHLLKDVPGLISKHIEESLVEAFQPLGIDDWNSLFWIAHPGGPAILDQVEEKLALTPDKLRATRHVLSEYGNMSSACVLFILNEMRHASATDGFSTTGEGLEWGVLFGFGPGLTVETVVLHSVPI	0.0148	A0A251V0F9
coumaroyl-CoA	CC(C)(COP(=O)(O)OP(=O)(O)OC[C@@H]1[C@H]([C@H]([C@@H](O1)N2C=NC3=C(N=CN=C32)N)O)OP(=O)(O)O)[C@H](C(=O)NCCC(=O)NCCSC(=O)/C=C/C4=CC=C(C=C4)O)O	MVTVNEVRNAQRAEGPATVMAIGTATPPNCVDQSTYPDYYFRITNSEHKTELKEKFKRMCDKSMIKKRYMHLTEEILKENPNVCEYMAASLDARQDMVVVEVPKLGKEAAAKAIKEWGQPKSKITHLVFCTTSGVDMPGADYQLTKLLGLRPSVKRFMMYQQGCFAGGTVLRLAKDLAENNKGARVLVVCSEITAVTFRGPSDTHLDSLVGQALFGDGAAAVIVGSDPIPGVEKPMFELVSAAQTILPDSDGAIDGHLREVGLTFHLLKDVPGLISKNIEKSLNEAFQPLGIKDWNSIFWIAHPGGPAILDQVEEKLALKPEKLRSTRHVLSEYGNMSSACVLFILDEMRRKSAEEGLKTTGEGLEWGVLFGFGPGLTVETVVLHSVST	0.0090	Q8W3P6
coumaroyl-CoA	CC(C)(COP(=O)(O)OP(=O)(O)OC[C@@H]1[C@H]([C@H]([C@@H](O1)N2C=NC3=C(N=CN=C32)N)O)OP(=O)(O)O)[C@H](C(=O)NCCC(=O)NCCSC(=O)/C=C/C4=CC=C(C=C4)O)O	MVRSTRAEGPATILAIGNATPLNSVEQSTYSDYIVHVEHKMKLKEKFKRMCEKSMIKKQYMHLTEEIPKKNNIGEHMAPSLDARQDCGNDMPDADYQLTKVLNLNSNVKCYMVYQQGCFAGSTILRLAKDLVENNKGAHVLIVCSKITIFTLYGLSHINVDSLMGQAIFGDVVAAAIVGSNIIPNVEMPLFELVWTSQIIVPNSEGALSFHLREACLTFHLHKDVPELIPNNIEDVLDEAFKSFNIFYDYNYIFWIVHPGGLAILDLVEEKLGLKPEKMRGSKHVLSEYGNLASICVLFILDEMRRKSKETNQSFYNG	1.8762	A0A0R0GII5
coumaroyl-CoA	CC(C)(COP(=O)(O)OP(=O)(O)OC[C@@H]1[C@H]([C@H]([C@@H](O1)N2C=NC3=C(N=CN=C32)N)O)OP(=O)(O)O)[C@H](C(=O)NCCC(=O)NCCSC(=O)/C=C/C4=CC=C(C=C4)O)O	MVTVEDIRKAQRAEGPATVMAIGTANPPNCVDQSTYPDYYFRITNSEHKTELKEKFKRMCEKSMIKKRYMHLTEEILKENPNICEYMASSLDARQDMVVVEVPKLGKEAATKAIKEWGQPKSKITHLVFCTTSGVDMPGADYQLTKLLGLRPSVKRLMMYQQGCFAGGTVLRLAKDLAENNRGARVLVVCSELTAVTFRGPSDTHLDSLVGQALFGDGAAAVIVGADPVPGVEKPLFELVSAAQTILPDSHGAIDGHLREVGLTFHLLKDVPGLISKNIEKSLVEAFQPLGISDWNSIFWIAHPGGPAILDQVEEKLALKPEKLSATRHILSEYGNMSSACVLFILDEMRKKSIEDGLKTTGEGLEWGVLFGFGPGLTVETVVLHSIAA	0.0237	D6C6K8
coumaroyl-CoA	CC(C)(COP(=O)(O)OP(=O)(O)OC[C@@H]1[C@H]([C@H]([C@@H](O1)N2C=NC3=C(N=CN=C32)N)O)OP(=O)(O)O)[C@H](C(=O)NCCC(=O)NCCSC(=O)/C=C/C4=CC=C(C=C4)O)O	MEGKFLEDARKLPQLINTGKGKFLEDARKLPELINTWKGKFLEDARKLPMWAPPSNFYNIYIYIINQSLMPCAANARPTYQDGFMQYQRVREDPIIGWIFEPLSTFLYYLSPDVPKLVGANIEELLVKGFSEIDGINNDWNALFYCIHPGGPAILDKVEEKLGLNEEKLRATRHVLREYGNMGAPSKSMEKGKATTGEGLEWGVLIGIGPGLTVETVVLHSVRIAAC	0.0533	M5WXJ0
coumaroyl-CoA	CC(C)(COP(=O)(O)OP(=O)(O)OC[C@@H]1[C@H]([C@H]([C@@H](O1)N2C=NC3=C(N=CN=C32)N)O)OP(=O)(O)O)[C@H](C(=O)NCCC(=O)NCCSC(=O)/C=C/C4=CC=C(C=C4)O)O	MVSVEEIRKAQRAEGPATVMAIGTATPPNCVDQSTYPDYYFRITNSEHMTELKEKFKRMCDKSMIKKRYMYLNEEILKENPSVCAYMAPSLDARQDMVVVEVPKLGKEAATKAIKEWGQPKSKITHLIFCTTSGVDMPGADYQLTKLLGLRPSVKRYMMYQQGCFAGGTVLRLAKDLAENNKGARVLVVCSEITAVTFRGPTDTHLDSLVGQALFGDGAAAVIVGSDPLPVEKPLFQLVWTAQTILPDSEGAIDGHLREVGLTFHLLKDVPGLISKNIEKALVEAFQPLGISDYNSIFWIAHPGGPAILDQVEAKLGLKPEKMEATRHVLSEYGNMSSACVLFILDQMRKKSIENGLGTTGEGLDWGVLFGFGPGLTVETVVLRSVTL	0.0032	P24826
coumaroyl-CoA	CC(C)(COP(=O)(O)OP(=O)(O)OC[C@@H]1[C@H]([C@H]([C@@H](O1)N2C=NC3=C(N=CN=C32)N)O)OP(=O)(O)O)[C@H](C(=O)NCCC(=O)NCCSC(=O)/C=C/C4=CC=C(C=C4)O)O	MVSVLELRMAQRAEGPATILAIGIATPINCVLQSTYPDYYFRVTNSENKKELKAKFKRMCDKSMIRKRYMHLTEDILKEKPSLCAYMAPSLDERQDIVVLEVPKLGAEAATHAIKEWGQPKSMITHLVFSTSCGVDMPGADNQITELLALRPSIKRVMIYENGCYAGGTAIRLAKDLAENNKGARVLVVCSEITAIGFRGPDETHLDGLVGQALFGDGAGAIIVGSDPLPDIEKPLFQIVSASQTIIPDTKSMLRGHVREVGLKYHLHKSIPELIANNIENSLVEAFQPLGIVDWNSLFWIVHPGGAGILDGVEEKLSLTPNKLRATRHILSEYGNMFSSCVLFILNEMRHSSTIDGFETTGEGLEWGVLFGFGPGLTIETVVLHSVRI	0.2862	A0A2J6KEV9
coumaroyl-CoA	CC(C)(COP(=O)(O)OP(=O)(O)OC[C@@H]1[C@H]([C@H]([C@@H](O1)N2C=NC3=C(N=CN=C32)N)O)OP(=O)(O)O)[C@H](C(=O)NCCC(=O)NCCSC(=O)/C=C/C4=CC=C(C=C4)O)O	MVTVEDIRKAQRAEGPATVMAIGTANPPNCVDQSTYPDYYFRITNSEHKTELKEKFKRMCEKSMIKKRYMHLTEEILKENPNICEYMASSLDARQDMVVVEVPKLGKEAATKAIKEWGQPKSKITHLVFCTTSGVDMPGADYQLTKLHSHGAIDGHLREVGLTFHLLKDVPGLISKNIEKSLVEAFQPLGISDWNSIFWIAHPGGPAILDQVEEKLALKPEKLSATRHILSEYGNMSSACVLFILDEMRKKSIEDGLKTTGEGLEWGVLFGFGPGLTVETVVLHSIAA	0.0469	A0A1U8ANP7
coumaroyl-CoA	CC(C)(COP(=O)(O)OP(=O)(O)OC[C@@H]1[C@H]([C@H]([C@@H](O1)N2C=NC3=C(N=CN=C32)N)O)OP(=O)(O)O)[C@H](C(=O)NCCC(=O)NCCSC(=O)/C=C/C4=CC=C(C=C4)O)O	MVTVDEVRKAQRAEGPATVLAIGTATPTNCVDQSTYPDYYFRITNSEHKTELKEKFQRMCDKSMIKKRYMHLTEDILKENPNICAYMAPSLDARQDIVVVEIPKLGKEAAVKAIKEWGQPKSKITHLVFCTTSGVDMPGADYQLTKLLGLRPSVKRLMMYQQGCFAGGTVLRLAKDLAENNKGARVLVVCSEITAVTFRGPSDTHLDSLVGQALFGDGAAAIIVGADPVPQVEKPLFELVSAAQTILPDSDGAIDGHLREVGLTFHLLKDVPGLISKNIEKSLVEAFQPLGISDWNSLFWIAHPGGPAILDQVEVKLGLKPEKLRATRHVLADYGNMSSACVLFILDEMRKKSTEDGLKTTGEGLEWGVLFGFGPGLTVETVVLHSVAT	0.0019	A0A2C9W7M3
coumaroyl-CoA	CC(C)(COP(=O)(O)OP(=O)(O)OC[C@@H]1[C@H]([C@H]([C@@H](O1)N2C=NC3=C(N=CN=C32)N)O)OP(=O)(O)O)[C@H](C(=O)NCCC(=O)NCCSC(=O)/C=C/C4=CC=C(C=C4)O)O	YMAPSLDACQDIVVVEVPKLGKEAAQKAIKKWRQPKSKITHLVFCTTSGVDMPKLLGLRPSVKGFMMYQQGCFAGGTVLRMAKDLAENNAGARDLVVCAEITNIMFWGPNGSPLDSLIERLLFGDGAAAVIVGSDPVVGVERPLFQLVSAAVAVDGGGEVEAVVKGR	0.0023	A0A022QWM8
coumaroyl-CoA	CC(C)(COP(=O)(O)OP(=O)(O)OC[C@@H]1[C@H]([C@H]([C@@H](O1)N2C=NC3=C(N=CN=C32)N)O)OP(=O)(O)O)[C@H](C(=O)NCCC(=O)NCCSC(=O)/C=C/C4=CC=C(C=C4)O)O	MSPKPYHLSTHSPHQPPPSHLPPPSHRLPPSHCPPPSHRRTPPTVAHVPPSHPSHLVHPPTVTQSPTSRHHHQHRHRQQSVWYYKDLVHLFSYRCLKIWSADYRRFTSKKTNTTLKSMVKKRYMHLTEEILKEKPNMCSYMAPSLNDRQDIAVAEVPKLGEQAVTQAIMEWGQPKSKITHLVFATSCGVDMPAADYQLTKLLGLRPSIKRFVMYQHGCYGGGSVLRMAKDLAENNKGARVLVVCSELSSVVSFHGPGETNIDNLVARALFSDGAAAMIVGSDPLLDVEKPLFEIVSASQTIVPDSEGVLDGHLREAGLIFHINDKIPKLVSKNIGTILKEAFQPFDIMDWNSIFWVVHPGGPAILNEVEEKLALRPDKLRASRRVLNEYGNMWGATVLFILNEMRRSSATFRLQTTGKGLEWGVLFGIGPGLTVETVVLRSVSL	0.7725	A0A251RY09
coumaroyl-CoA	CC(C)(COP(=O)(O)OP(=O)(O)OC[C@@H]1[C@H]([C@H]([C@@H](O1)N2C=NC3=C(N=CN=C32)N)O)OP(=O)(O)O)[C@H](C(=O)NCCC(=O)NCCSC(=O)/C=C/C4=CC=C(C=C4)O)O	MVTVEDVRRAQRAEGPATVMAIGTATPPNCVDQSTYPDYYFRITNSEHKTELKEKFKRMCDKSMIKKRYMYLTEEILKENPNVCAYMAPSLDARQDMVVVEVPKLGKEAATKAIKEWGQPKSKITHLVFCTTSGVDMPGADYQLTKLLGLRPSVKRLMMYQQGCFAGGTVLRLAKDLAENNKGARVLVVCSEITAVTFRGPSDSHLDSLVGQALFGDGAAAIIIGADPIPEVEKPLFELVSAAQTILPDSDGAIDGHLREVGLTFHLLKDVPGLISKNIEKSLVEAFQPLGITDWNSLFWIAHPGGPAILDQVEEKLALKPEKLRSTRHVLSEYGNMSSACVLFILDEMRRKSVEDGLKTTGEGLEWGVLFGFGPGLTVETVVLHSLSA	0.0034	A0A2I4ECY3
coumaroyl-CoA	CC(C)(COP(=O)(O)OP(=O)(O)OC[C@@H]1[C@H]([C@H]([C@@H](O1)N2C=NC3=C(N=CN=C32)N)O)OP(=O)(O)O)[C@H](C(=O)NCCC(=O)NCCSC(=O)/C=C/C4=CC=C(C=C4)O)O	MPCDEEDENEDLNHCVATILAIGTATPEEFVLQSDYPDFFFRITESENLVELKEKFKRICDKSGIQKRHLHLTESILAGNPELCKDSSETSSLLARQSISNAEVAALGARAAKKALQEGGHSAAEITHLIVATSNGIRMPGPDLAIAKILGLRHDVRRLMLNQVGCYAGGTALRIAKEMAESGGISTRVLIVCSEVGAFTFRPPNEKHPDRLVGSAIVGDGAASLVVGCRDPRLDSSPGQLLELHWAGQFFVPDSEDDLTATLSEQGLIYFLSKHVPDLISSSVRELLPTALAASSKTRDLAPNDLFWRSIREGERDKLRATRETLASYGNMSSPTVLFVLEEIVRQSSRSGEWGVLLSFGPGLTIEIQLLRRC	0.3930	D8R5U3
coumaroyl-CoA	CC(C)(COP(=O)(O)OP(=O)(O)OC[C@@H]1[C@H]([C@H]([C@@H](O1)N2C=NC3=C(N=CN=C32)N)O)OP(=O)(O)O)[C@H](C(=O)NCCC(=O)NCCSC(=O)/C=C/C4=CC=C(C=C4)O)O	MVTVEEYRKAQRAEGPATILAIGTSTPSNCVDQSTYPDYYFRITNSEHKTELKEKFKRMCDKSMIKKRYMHLTEEILKENPNMCAYMAPSLDARQDIVVVEVPKLGKEAAQKAIKEWGQPKSKITHLVFCTTSGVDMPGCDYQLAKLLGLRPSVKRLMMYQQGCFVGGTVLRLAKDLAENNKGARVLVVCSEITAVTFRGPSESHLDSLVGQALFGDGAAAIIMGSDPIIGVERPLFELVSAAQTLVPDSEGAIDGHLREVGLTFHLLKDVPGLISKNIEKSLLEAFQPLGISDWNSLFWIAHPGGPAILDQVELKLGLKQEKLRATREVLSNYGNMSSACVLFILDEMRKASTNEGLGTTGEGLEWGVLFGFGPGLTVETVVLHSVAT	0.0035	Q41436
coumaroyl-CoA	CC(C)(COP(=O)(O)OP(=O)(O)OC[C@@H]1[C@H]([C@H]([C@@H](O1)N2C=NC3=C(N=CN=C32)N)O)OP(=O)(O)O)[C@H](C(=O)NCCC(=O)NCCSC(=O)/C=C/C4=CC=C(C=C4)O)O	MGAVEKIHEDQRAKGPATILAIGTANPANCVYQAEYPHYYFRMTKSEHMTALKQKFIRICDKSMIHKRYMHLTEELMEKHPEICSYDDPSLNPRQDIIIDTIPKLGEEAALKAIKEWGQPKSKITHIVFCSTSGVDMPGADYQLMRLLGLSPSVKRVMLYHQGCFAGGTVLRVAKDLAENNGGARVLVVCSEITVTTFRGPSAENLANLVGQAIFGDGAAALIIGSDPEIPAERPIFQLVWTAETVLPNSEGAIEGQLRDVGLTFGLSDRVPHLIADHIEKSLKEAFDSLGISDWNSIFWVPHPGGPAILNQIEAKLGLKKERLRAVRHVLREYGNMSSACVSFILDEMRRKSAEEGLATPGEGLEWGVLFGFGPGLTVETVVLHSVPTVTHG	0.0187	A0A059CH66
coumaroyl-CoA	CC(C)(COP(=O)(O)OP(=O)(O)OC[C@@H]1[C@H]([C@H]([C@@H](O1)N2C=NC3=C(N=CN=C32)N)O)OP(=O)(O)O)[C@H](C(=O)NCCC(=O)NCCSC(=O)/C=C/C4=CC=C(C=C4)O)O	MVTVEEVRRAQRAEGPATIMAIGTATPPNCVDQSAYPDYYFRITNSEHKTELKEKFKRMCEKSMIKKRYMHLTEDILKENPNICAYMAPSLDARQDMVVVEVPKLGKEAAVKAIKEWGQPKSKVTHLIFCTTSGVDMPGADYQLTKLLGLRPSVKRYMMYQQGCFAGGTVLRLAKDLAENNKGARVLVVCSEITAVTFRGPTDTHLDSLVGQALFGDGAAAVIVGADPVPGVEKPMFELVSTAQTILPDSDGAIDGHLREVGLTFHLLKDVPGLISKNIEKSLVEAFQPLGISDWNSLFWIAHPGGPAILDQVEEKLKLKAEKLRATRHVLSEYGNMSSACVLFILDEMRKKSTEDGLKTTGEGLEWGVLFGFGPGLTVETVVLHSLAAQA	0.0603	A0A059B354
coumaroyl-CoA	CC(C)(COP(=O)(O)OP(=O)(O)OC[C@@H]1[C@H]([C@H]([C@@H](O1)N2C=NC3=C(N=CN=C32)N)O)OP(=O)(O)O)[C@H](C(=O)NCCC(=O)NCCSC(=O)/C=C/C4=CC=C(C=C4)O)O	MVSVEEIRQAQRAEGPATVMAIGTATPPNCVDQSTYPDYYFRITNSEHMTELKEKFKRMCDKSMIKKRYMYLNEEILKENPSVCAYMAPSLDARQDMVVMEVPKLGKEAATKAIKEWGQPKSKITHLIFCTTSGVDMPGADYQLTKLLGLRPSVKRYMMYQQGCFAGGTVLRLAKDLAENNKGARVLVVCSEITAVTFRGPTDTHLDSLVGQALFGDGAAAVIVGSDPLPVEKPLFQLVWTAQTILPDSEGAIDGHLREVGLTFHLLKDVPGLISKNIEKALVEAFQPLGISDYNSIFWIAHPGGPAILDQVEAKLGLKPEKMEATRHVLSEYGNMSSACVLFILDQMRKKSIENGLGTTGEGLDWGVLFGFGPGLTVETVVLRSVTV	0.0075	P48406
coumaroyl-CoA	CC(C)(COP(=O)(O)OP(=O)(O)OC[C@@H]1[C@H]([C@H]([C@@H](O1)N2C=NC3=C(N=CN=C32)N)O)OP(=O)(O)O)[C@H](C(=O)NCCC(=O)NCCSC(=O)/C=C/C4=CC=C(C=C4)O)O	MASIEDIRRAQRAEGPATILAIGTATPANCVKQSEYPDFYFRITDSEHMTELKEKFKRMCEKSQIKKRYMHLTEEILKENPNMCAYMAPSLDARQDIVVVEVPKLGKEAAEKAIQEWGQPKSKITHLVFCTTSGVDMPGCDYQLTKLLGLRPSVKRIMMYQLGCFAGGTVLRMAKDLAENNAGARVLVVCSEITAIMFRGPNGSPIDSLIGQFLFGDGAAAVIVGSDPVVGVERPLFQLVSAAQTLLPDSHGGIDCHLREAGLTFHLRKDVPALISKHIGESLKEAFDPLGISDWNSIFWIAHPGGPAILDQVESTLALKPEKLRSTRHVLSEYGNLSSACVLFILDEMRKSSAKEGMSTTGEGLNWGVLFGFGPGLTVETVVLHSVAIN	0.0430	A0A022RTH3
coumaroyl-CoA	CC(C)(COP(=O)(O)OP(=O)(O)OC[C@@H]1[C@H]([C@H]([C@@H](O1)N2C=NC3=C(N=CN=C32)N)O)OP(=O)(O)O)[C@H](C(=O)NCCC(=O)NCCSC(=O)/C=C/C4=CC=C(C=C4)O)O	MVTVEEVRKAQRAEGPATVLAIGTATPPNCVDQATYPDYYFRITNSEHKVELKEKFQRMCDKSMIKKRYMYLTEDILKENPTMCEYMAPSLDARQDMVVVEIPKLGKEAATKAIKEWGQPKSKITHLVFCTTSGVDMPGADYQLTKLLGLRPSVKRLMMYQQGCFAGGTVLRLAKDLAENNRGARVLVVCSEITAVTFRGPNDTHLDSLVGPGLIWVMVQQLLLWVRTQFPRSRAPCLKWCQQP	0.0030	A0A1R3L4Z6
coumaroyl-CoA	CC(C)(COP(=O)(O)OP(=O)(O)OC[C@@H]1[C@H]([C@H]([C@@H](O1)N2C=NC3=C(N=CN=C32)N)O)OP(=O)(O)O)[C@H](C(=O)NCCC(=O)NCCSC(=O)/C=C/C4=CC=C(C=C4)O)O	MVSVEEIRKAQRAEGPATVMAIGTATPPNCVDQSTYPDYYFRITNSEHMTELKEKFKRMCDKSMIKKRYMYLNEEILKENPSVCAYMAPSLDARQDMVVMEVPKLGKEAATKAIKEWGQPKSKITHLIFCTTSGVDMPGADYQLTKLLGLRPSVKRYMMYQQGCFAGGTVLRLAKDLAENNKGARVLVVCSEITAVTFRGPTDTHLDSLVGQALFGDGAAAVIVGSDPLPVEKPLFQLVWTAQTILPDSEGAIDGHLREVGLTFHLLKDVPGLISKNIEKALVEAFQPLGISDYNSIFRIAHPGGPAILDQVEAKLGLKPEKMEATRHVLSEYGNMSSACVLFILDQMRKKSIENGLGTTGEGLDWGVLFGFGPGLTVETVVLRSVTV	0.0074	P17957
coumaroyl-CoA	CC(C)(COP(=O)(O)OP(=O)(O)OC[C@@H]1[C@H]([C@H]([C@@H](O1)N2C=NC3=C(N=CN=C32)N)O)OP(=O)(O)O)[C@H](C(=O)NCCC(=O)NCCSC(=O)/C=C/C4=CC=C(C=C4)O)O	ARQDIVVVEVPKLGKEAAQKAIKEWGQPKSKITHLVFCTTSGVDMPGCDYQLTKLLGLRPSVKRFMMYQQGCFAGGTVLRMAKDLAENNAGARVLVVCSEITAVTFRGPNGSHLDSLVGQALFGDGAAAVIVGSDPVVGVERPLFQLVSAAQTLLPDSHGAIDGHLREVGLTFHLLKDVPGLISKHIGKSLKEAFDPLGISDWNSIFWIAHPGGPAILDQVESTLALKPEKLRSTRHVLSEYGNMSSACVLFILDEMRKSSAKEGMSTTGEGLNWGVLFGFGPGLTVETVVLHSVAIN	0.0022	A0A022QWL7
coumaroyl-CoA	CC(C)(COP(=O)(O)OP(=O)(O)OC[C@@H]1[C@H]([C@H]([C@@H](O1)N2C=NC3=C(N=CN=C32)N)O)OP(=O)(O)O)[C@H](C(=O)NCCC(=O)NCCSC(=O)/C=C/C4=CC=C(C=C4)O)O	MVTVDEVRKGQRAEGPATIMAIGTSNPPNCVDQSTYPDYYFRVTNSEHRAELKEKFKRMCEKSMIKKRYIYLTEDMLKENPDMRAYMAPSLDARQDMVVVEVPKLGKEAATKAIKEWGQSKSKITHLVFCTTSGVDMPGADYQLTKLLGLRPSVKRLMMYQQGCFAGGTVLRLAKDLAENNKGARVLVVCSEITAIIFRGPNDTHLDSLIGQALFGDGAAAIIIGSDPVVGVEKPLFEIVSAAQTILPNSDGAIDGHLREAGLTFHLLKDVPGLISNNVEKSLTEAFKPLGISDWNSLFWIAHPGGPAILDQVEAKLGLKPEKLRATRHVLSEYGNMSSACVLFILDEMRKKSAEDGLQSTGEGLEWGVLFGFGPGLTVETVVLHSVATRV	0.0075	B9H086
coumaroyl-CoA	CC(C)(COP(=O)(O)OP(=O)(O)OC[C@@H]1[C@H]([C@H]([C@@H](O1)N2C=NC3=C(N=CN=C32)N)O)OP(=O)(O)O)[C@H](C(=O)NCCC(=O)NCCSC(=O)/C=C/C4=CC=C(C=C4)O)O	MSMSKIEAKSPAAILAIGTANPANCYYQQDYPDFLFRVTNSDHMTELKDRFKRICEKSKTKKRYLHITEEILKANPNICSYKAPSLDPRQDMLIPAVPKLGKEAALKAIEEWGQPISNITHLIFCTASCVDMPGADFQLVKLLGLDPSVNRFMIYQQGCFAGGTVLRLAKDVAENNPGARVLVVCCEITTMFFQAPTESHVDVLVGQALFSDGASALIVGANPDPKINERQVFEIMSTRGTIVPYSEHGVVAHLREMGFEYYLSPDVPKLVGANIEELLVKGFSEIDGINNDWNSLFYSIHPGGPAILDKVEEKLGLNEGKLRATRHVLREYGNMGAPSVLFILDEMRKKSMEEGKATTGEGLEWGVLIGIGPGLTVETVVLRSVRIAAR	0.0222	M5WPD0
coumaroyl-CoA	CC(C)(COP(=O)(O)OP(=O)(O)OC[C@@H]1[C@H]([C@H]([C@@H](O1)N2C=NC3=C(N=CN=C32)N)O)OP(=O)(O)O)[C@H](C(=O)NCCC(=O)NCCSC(=O)/C=C/C4=CC=C(C=C4)O)O	MASVEEFCRAQKSKGPATVLAIGTAVPKNVIEQSTYPDYLFRITNSEHMTELKEKFKRICEGSSIKRRYVHMTEEILKEHPNMSSFTEPSLDARQDILVPEVPKLAKEAAVNALKEWGQPKSKITYLVFCTTSGVDMPGCDYQLTKLLGLRPSVKRYMMYQVGCYGAGLVLRLAKDLAENNKGARVLVVCSEITVCTFRGPSEAFLDNLVGQALFGDGASSVIVGADPVPGIERPLYEIVSTFQTLLPNSEEAIAGHVREIGLTIHLLKDLPALVSKNIDKNMAEAFHPLGITDWNSLFFIVHPGGPAILDQVEAKLKLKPEKIELSRYVLAEYGNMSSACVFFIMDEMRKKSIKKGLKTTGEGLEWGVLFGFGPGLTVETVVLHALST	0.3044	A0A059B534
coumaroyl-CoA	CC(C)(COP(=O)(O)OP(=O)(O)OC[C@@H]1[C@H]([C@H]([C@@H](O1)N2C=NC3=C(N=CN=C32)N)O)OP(=O)(O)O)[C@H](C(=O)NCCC(=O)NCCSC(=O)/C=C/C4=CC=C(C=C4)O)O	MVNIEEFHKAQRAEGPATILAIATATPPNCVLQSTYPDSYFSVTKSEHMTELKEKFRRMCDKSMVKTRYMYFTDEMLQEKPNICAHMAPSLDERQDISIVEIPKLGAEAATHAIKEWGQPKSKITHVVFCSINGVDMPGADYQLIKLLRLNPSVKRVMLYHQGCFAGGTVLRLAKDLAENNKGARVLVVCSEIVAGTYRGPGEAHLDGLVAMALFGDGAAAVIVGADPIPDVEKPLYEIVSGFQTILPQSEAAIEGHLREVGIIIQLLKDVPGLIAKHIEKSLVEAFQPLGIEDWNSLFWIAHPGGPAILNQLEDKLSLKPEKLRASRQVLSKYGNMSSACVLFILDEMRRSSATDGAKTTGEGLEWGVLFGFGPGLTVDTVVLHSVSI	0.0491	A0A2J6KEI4
coumaroyl-CoA	CC(C)(COP(=O)(O)OP(=O)(O)OC[C@@H]1[C@H]([C@H]([C@@H](O1)N2C=NC3=C(N=CN=C32)N)O)OP(=O)(O)O)[C@H](C(=O)NCCC(=O)NCCSC(=O)/C=C/C4=CC=C(C=C4)O)O	MVSVDEFVKTQRAEGPATIIAIGTATPPNCVLQSTYPDYYFRITKSEHKTELKEKFRRMCEKSMVKKRYTCFTEELLKQKPEFCAHMAPSLDERQEIAIVEIPKLGAEAAAQAIEEWGQPKSKITHVVFCTTTGVDMPGADYKLIKLLGLPPSVKRVMMYTQGCFAGGTVLRLAKDMAENNKGARVLVVCSEITALTFRGPDEKHVDSLVGQALFGDGAAAIIVGSDPLHVVEKPLFQIVSASQTILPDSEGAIEGHLREAGLTLHLLKNVPSLISKHIEKSLVEAFQPFGIFDWNSLFWVPHPGGRAILDQVEESLSLTPDKLRATRHVLSEYGNLSCASVLFILNEMRHSSVNDGSKTTGEGLDWGVLFGFGPGLTVDTVVLHSVSI	0.1449	A0A2J6KEI9
coumaroyl-CoA	CC(C)(COP(=O)(O)OP(=O)(O)OC[C@@H]1[C@H]([C@H]([C@@H](O1)N2C=NC3=C(N=CN=C32)N)O)OP(=O)(O)O)[C@H](C(=O)NCCC(=O)NCCSC(=O)/C=C/C4=CC=C(C=C4)O)O	MSVSKIEDKSPAAILAIGTANPANCYYQQDYPNFLFRITNNDHMTDLKDRFKRICEKSKIKKRYLHITEDILKANPNICRYKAPSLDPCQDMLIPEVPKLGKEAALKAIEEWGQPISNITHLIFCTSSCVDMPGADFQLVKLLGLDPSVNRFMIYLQGCFAGGTALRLAKDVAENNPGARVLVVCCEITAMYFQAPTESHVDVLVGQALFADGASALIVGANPDPKINERPVYEIMSTRETIVPYSEHGVVVHVREMGCEYYLSPDVPKLVGANIEELLVKGFSEIDGTNNDWNSLFYCIHPGGPAILDKVEEKLGLNEEKLRATRHVLREYGNMGAPSVLFILDEMRKKSMEEGKATTGEGLEWGVLIGIGPGLTVETVVLRSVRIAAC	0.1242	M5X0J6
coumaroyl-CoA	CC(C)(COP(=O)(O)OP(=O)(O)OC[C@@H]1[C@H]([C@H]([C@@H](O1)N2C=NC3=C(N=CN=C32)N)O)OP(=O)(O)O)[C@H](C(=O)NCCC(=O)NCCSC(=O)/C=C/C4=CC=C(C=C4)O)O	MGSAWANVREICRAQRADGPAAVLAIGTANPANCVPQDEFPDFYFRATKSDHLTGLKEKFKRVCQKLGVQKRYLHHTEELLSAHPEFLDRSSPSLDARLDIVKTAVPELAAQACRKAIAEWGRPAADVTHLVVATNSGAHIPGVDFQLVSLLGLRPTVRRTMLYLNGCSAGAAALRLARDLAENNRGARVLVACAEITVLLFDGPEEGCFQTLVNQGLFGDGAGAVVVGADPAAPAERPLFEIVSAAQTVIPDSEGVITMHLTKGGYGGNISTRQVPVLIGDHIERCLTDAFAPLGVGAGWNDLFWDVHPGSSAILDQVDAVLKLKPEKLAASRRVLSEYGNMFGVTVIFVLDELRRRMTNGEEEGAPAEWGVMVAFGPGLTVETMVLHRSGTPAETKLGEA	0.7608	B4F9D7
coumaroyl-CoA	CC(C)(COP(=O)(O)OP(=O)(O)OC[C@@H]1[C@H]([C@H]([C@@H](O1)N2C=NC3=C(N=CN=C32)N)O)OP(=O)(O)O)[C@H](C(=O)NCCC(=O)NCCSC(=O)/C=C/C4=CC=C(C=C4)O)O	MVNVEEFRKAQRAEGPATIMAIGTATPPNCVLQSTYPDYYFRITKSEHKTDLKEKFRRMCDKSMITKRYMYLTEEILKEKPNICAYMAPSLDERQDIVVVEVPKLGKEAAIRAIKEWGQPKSKITHLVFCTTSGVDMPGADYQLTKLLGLRSSVKRFMMYQQGCFAGGTVLRLAKDLAENNKGARVLVVCSEITAVTFRGPNETHLDSLVGQALFGDGAAAIIVGSDPLPDVEKPLFELISAAQTILPDSEGAIDGHLREVGLTFHLLKDVPGLISKHIEKSLVEAFKPLGIADWNSLFWIAHPGGPAILDQVEEKLRLTPDKLRATRQVLSEYGNMSSACVLFILNEMRHSSATAGFDTTGEGLEWGVLFGFGPGLTVETVVLRSVSI	0.0050	A0A2J6KEH1
coumaroyl-CoA	CC(C)(COP(=O)(O)OP(=O)(O)OC[C@@H]1[C@H]([C@H]([C@@H](O1)N2C=NC3=C(N=CN=C32)N)O)OP(=O)(O)O)[C@H](C(=O)NCCC(=O)NCCSC(=O)/C=C/C4=CC=C(C=C4)O)O	MSAVEKIRENQRAKGPATILAIGTANPVNCVYQAEYPDYYFRMTKSEHMTALKQKFIRICDNSMIHKRYTHLTEELMEKHPEICSYDDPSSFNPRQDIMIDAIPKLGKEAALKAIKEWGQPKSKITHIVFCSFSGVDMPGADYQLMRLLGLSPSVKRVMLYHLGCFAGGTALRIAKDLAENNASARVLVVCSDITVTAFRGPSAENLANLVGQAIFGDGAAALIIGSDPEIPAERPVFQIVWTAETVLPNSECAIEGQLRDVGFTFGLSDRVPHLIASNIEKSLKEAFDSLDISDWNSIFWVPHPGGPAILNQIEAKLGLKKERLRAVRQVLGEYGNMSSASVLFILDEMRRKSAEEGLATTGEGLEWGVLFGFGPGLTVETVVLHSVPTVTRG	0.2390	A0A059A4H0
coumaroyl-CoA	CC(C)(COP(=O)(O)OP(=O)(O)OC[C@@H]1[C@H]([C@H]([C@@H](O1)N2C=NC3=C(N=CN=C32)N)O)OP(=O)(O)O)[C@H](C(=O)NCCC(=O)NCCSC(=O)/C=C/C4=CC=C(C=C4)O)O	MVSVEEIRKAQRAEGPATVMAIGTATPPNCVDQSTYPDYYFRITNSDHMTELKEKFKRMCDKSMIKKRYMYLNEEILKENPSVGAYMAPSLDARQDMVVVEVPKLGKEAATKAIKEWGQSKSKITHLIFCTTSGVDMPGADYQLTKLLGLRPSVKRYMMYQQGCFAGGTVLRLAKDLAENNKGARVLVVCSEITAVTFRGPSDTHLDSLVGQALFGDGAAAVIVGSDPLPAEKPLFELVWTAQTILPDSEGAIDGHLRQVGLTFHLLKDVPGLISKNIEKALVEAFKPLEIDDYNSIFWIAHPGGPAILDQVEAKLGLKHEKMEATRHVLSEYGNMSSACVLFILDQMRKKSIENGLGTTGEGLEWGVLFGFGPGLTVETVVLRSVTV	0.0037	I1JER5
coumaroyl-CoA	CC(C)(COP(=O)(O)OP(=O)(O)OC[C@@H]1[C@H]([C@H]([C@@H](O1)N2C=NC3=C(N=CN=C32)N)O)OP(=O)(O)O)[C@H](C(=O)NCCC(=O)NCCSC(=O)/C=C/C4=CC=C(C=C4)O)O	MVTVEEYRKAQRAEGPATVMAIGTATPSNCVDQSTYPDYYFRITNSEHKTELKEKFKRMCEKSMIKTRYMHLTEEILKENPNMCAYMAPSLDARQDIVVVEVPKLGKEAAQKAIKEWGQPKSKITHLVFCTTSGVDMPGCDYQLAKLLGLRPSVKRLMMYQQGCFAGGTVLRLAKDLAENNKGARVLVVCSEITAVTFRGPSESHLDSLVGQALFGDGAAAIIMGSDPIPGVERPLFQLVSAAQTLLPDSEGAIDGHLREVGLTFHLLKDVPGLISKNIEKSLVEAFQPLGISDWNSLFWIAHPGGPAILDQVELKLGLKPEKLKATREVLSNYGNMSSACVLFILDEMRKASTKEGLGTSGEGLEWGVLFGFGPGLTVETVVLHSVAI	0.0009	A0A1U8GDF2
coumaroyl-CoA	CC(C)(COP(=O)(O)OP(=O)(O)OC[C@@H]1[C@H]([C@H]([C@@H](O1)N2C=NC3=C(N=CN=C32)N)O)OP(=O)(O)O)[C@H](C(=O)NCCC(=O)NCCSC(=O)/C=C/C4=CC=C(C=C4)O)O	MVNPTVQSILESQRSKGPATILAIGTETPANVVDQKNFPDKYFRITNSEHMVDYKAKFQRICDKSMIEKRYMYLTDEILEKNPELCKFDGSSLDKRQALAMEAVPEIGSAAAEKALKEWGQPKSAITHLILCSVNGVTMPGADVQLIKRVGLSESVKRLMMYQLGCYSGGTVLRLAKDIVENNRGARVLAIVADVMTILRFRGPNESHIGDLLSQGLFGDGAAALVIGADLISGVEKPLYEIASAAQTLVDGTDGAIEGHLKDTGLTAFFHRDIPGFISRNLEAVLAESLKPLGITDWNSVFWMTHPGGAGILDMVEKKLGLHTEKMRASRRVLRDYGNMSGASVLFVMNEMRNQSTTERMTTTGEGLEWGVLFGFGPGVTVETVVLRSVPI	0.8107	A0A0K9NZH3
coumaroyl-CoA	CC(C)(COP(=O)(O)OP(=O)(O)OC[C@@H]1[C@H]([C@H]([C@@H](O1)N2C=NC3=C(N=CN=C32)N)O)OP(=O)(O)O)[C@H](C(=O)NCCC(=O)NCCSC(=O)/C=C/C4=CC=C(C=C4)O)O	MAPTTTMGSALYPLGEMRRSQRADGLAAVLAIGTANPPNCVTQEEFPDFYFRVTNSDHLTALKDKFKRICQEMGVQRRYLHHTEEMLSAHPEFVDRDAPSLDARLDIAADAVPELAAEAAKKAIAEWGRPAADITHLVVTTNSGAHVPGVDFRLVPLLGLRPSVRRTMLHLNGCFAGCAALRLAKDLAENSRGARVLVVAAELTLMYFTGPDEGCFRTLLVQGLFGDGAAAVIVGADADDVERPLFEIVSAAQTIIPESDHALNMRFTERRLDGVLGRQVPGLIGDNVERCLLDMFGPLLGGDGGGGWNDLFWAVHPGSSTIMDQVDAALGLEPGKLAASRRVLSDYGNMSGATVIFALDELRRQRKEAAAAGEWPELGVMMAFGPGMTVDAMLLHATSHVN	0.2314	Q8LIL0
coumaroyl-CoA	CC(C)(COP(=O)(O)OP(=O)(O)OC[C@@H]1[C@H]([C@H]([C@@H](O1)N2C=NC3=C(N=CN=C32)N)O)OP(=O)(O)O)[C@H](C(=O)NCCC(=O)NCCSC(=O)/C=C/C4=CC=C(C=C4)O)O	MVTVEEVRKAQRAQGPATVLAIGTSTPPNCVDQSTYPDYYFRITNSEHKTELKEKFKRMCEKSMIKKRYMYLTEEILKENPNVCEYMAPSLDARQDMVVVEVPKLGKEAATKAIKEWGQPKSKITHLVFCTTSGVDMPGADYQLTKLLGLRPSVKRLMMYQQGCFAGGTVLRVAKDLAENNKGARVLVVCSEITAVTFRGPSDTHLDSLVGQALFGDGAAAVIIGADPVPEIEKPMFEIVSVAQTILPDSDGAIDGHLREVGLTFHLLKDVPGLISKNIEKSLVEAFQPLGISDWNSLFWIAHPGGPAILDQVEAKLALKPEKLRATRHVLSEYGNMSSACVLFILDEMRKKSREDGLQTTGEGLEWGVLFGFGPGLTVETVVLHSVAA	0.2289	A0A1U8ISL4
coumaroyl-CoA	CC(C)(COP(=O)(O)OP(=O)(O)OC[C@@H]1[C@H]([C@H]([C@@H](O1)N2C=NC3=C(N=CN=C32)N)O)OP(=O)(O)O)[C@H](C(=O)NCCC(=O)NCCSC(=O)/C=C/C4=CC=C(C=C4)O)O	MVTVDEIRKAQRAEGPATILAIGTSTPPNCVDQSTYPDYYFRITNSEHKVELKEKFKRMCEKSMIKKRYMHLTEEILKENPSVCEYMAPSLDARQDMVVVEVPKLGKEAAAKAIKEWGQPKSKITHLVFCTTSGVDMPGADYQLTKLLGLRSSVKRFMMYQQGCFAGGTVLRLAKDLAENNKGARVLVVCSEITAVTFRGPSDTHLDSLVGQALFGDGAAAIIIGSDPVLGVEKPLFELVSAAQTILPDSEGAIDGHLREVGLTFHLLKDVPGLISKNIEKSLTEAFKPLGISDWNSLFWIAHPGGPAILDQVEAKLELKPEKLRATRQVLADYGNMSSACVLFILDEMRKKSAKDGLKSTGEGLEWGVLFGFGPGLTVETVVLHSLPATI	0.0537	B9GMG1
coumaroyl-CoA	CC(C)(COP(=O)(O)OP(=O)(O)OC[C@@H]1[C@H]([C@H]([C@@H](O1)N2C=NC3=C(N=CN=C32)N)O)OP(=O)(O)O)[C@H](C(=O)NCCC(=O)NCCSC(=O)/C=C/C4=CC=C(C=C4)O)O	MGSSAAPANVREICRAQRADGPAAVLAIGTANPANCVPQDEFPDFYFRATKSDHLTGLKEKFKRVCQKLGVQKRYLHHTEELLSAHPEFLDHSSPSLDARLDIVKTAVPELAAQASRKAIAEWGRPAADITHLVVTTNSGAHIPGVDFRLVPLLGLRPTVRRTMLYLNGCFAGAAALRLARDLAENNSGARVLVVCAEITVLLFNGPEEGCFQTLVNQGLFGDGAGAVIVGADPLAAERPLFEIVSAAQAIIPESEDVITMHLTRGGYGGNISTRQVPVLIGDNIERCLTDAFAPLGGVIGAEWNDLFWDVHPGSSAILDQVDAVLKLKPEKLAASRRVLSEYGNMFGVTVIFVLDELRRRMEKGEEEGAPEWGVMVAFGPGLTVETMVLHRSGTPAEKKLAEA	0.2017	C5X9A8
coumaroyl-CoA	CC(C)(COP(=O)(O)OP(=O)(O)OC[C@@H]1[C@H]([C@H]([C@@H](O1)N2C=NC3=C(N=CN=C32)N)O)OP(=O)(O)O)[C@H](C(=O)NCCC(=O)NCCSC(=O)/C=C/C4=CC=C(C=C4)O)O	EHKTELKEKFQRMCDKSMIKKRYMYLTEEILKENPSMCEYMAPSLDARQDMVVVEIPKLGKEAATKAIKEWGQPKSKITHLVFCTTSGVDMPGADYQLTKLLGLRSSVKRLMMYQQGCFAGGTVLRLAKDLAENNRGARVLVVCSEITAVTFRGPSDTHLDSLVGQALFGDGAAAIIVGSDPIPEIEKPLFEVVSAAQTILPDSDGAIDGHLREVGLTFHLLKDVPGLISKNIEKSLNEAFQPLGISDWNSLFWIAHPGGPAILDQVESKLALKPEKLEATRHILSEYGNMSSACVLFILDEVRKRATKKGLKTTGDGLDWGVLFGFGPGLTVETVVLHSVGLNA	0.0015	A0A1R3L4Z5
coumaroyl-CoA	CC(C)(COP(=O)(O)OP(=O)(O)OC[C@@H]1[C@H]([C@H]([C@@H](O1)N2C=NC3=C(N=CN=C32)N)O)OP(=O)(O)O)[C@H](C(=O)NCCC(=O)NCCSC(=O)/C=C/C4=CC=C(C=C4)O)O	MVTVEEYRKAQRAKGPATVMAIGTSTPFNCVDQSTYPDYYFRITNSEHKTELKEKFKRMCDKSMIKKRYMHLTEEILKKNPNMCAYMSPSLDARQDIAIVEVPKLGKEAAQKAIKEWGQPKSKITHLVFCTSSGVDMPGCDYQLAKLLGLCPSVKRLMIYQQDCYAGGTLLRLAKDMAENNKGARVLVVSSEITVVKFRGPSESHIDNLLGQALFGDGVAAVIIGSDPNLGVERPLFKLVSAAQTLVPDSEGAIYGHLREVGHIFHLLKDVPGLISKNIEKSLLDAFQPLGISDWNSLFWITHPGGPAMLDQVELKLGLKPEKLRVSREVLSNYGNMSSACVLFILDEMRKASTKEGLGTTGEGLEWGVLFGFGPGLTI	0.0032	M1CWA8
coumaroyl-CoA	CC(C)(COP(=O)(O)OP(=O)(O)OC[C@@H]1[C@H]([C@H]([C@@H](O1)N2C=NC3=C(N=CN=C32)N)O)OP(=O)(O)O)[C@H](C(=O)NCCC(=O)NCCSC(=O)/C=C/C4=CC=C(C=C4)O)O	MGRAPAPANVHEICRARRADGPAAVLAIGTANPGNCVLQEDFPDFYFRATKSEHLTGLKEKFKRVCQKLGVQRRYLHHTEELLSAHPEFLDHIFSPSLDERLDIVKTAVPELAAEASRKAIAEWGRPAADITHLVVTTNSGAHIPGVDFQLVPLLGLRPTVRRTMLYLNGCFAGAAALRVAKDLAENNRGARVLVVCAELTVLMFTRPAEGPFQFQTLINQGLFGDGAGAVIVGADPVATPAERPLFEIVSAAQNIIPESEDAVSMHLTKGGFGGNISARQVPTLIGDNIERCLLDAFEPLGIGAGWNDLFWDVHPGSSAILDQIDAVLQLKPEKMAASRRVLSDYGNMFGVTVIFVLDELRRRMEKGEEEGAPEWGVMVAFGPGLTVETMVLHRCVAQATGATAEEKLTVA	0.0925	K3ZTR2
coumaroyl-CoA	CC(C)(COP(=O)(O)OP(=O)(O)OC[C@@H]1[C@H]([C@H]([C@@H](O1)N2C=NC3=C(N=CN=C32)N)O)OP(=O)(O)O)[C@H](C(=O)NCCC(=O)NCCSC(=O)/C=C/C4=CC=C(C=C4)O)O	MVSVEEIRQAQRAEGPATVMAIGTATPPNCVDQSTYPDYYFRITNSEHMTELKEKFKRMCDKRIPSVCAYMAPSLDARQDMVVMDGVDMPGADYQLTKLLGLRPSVKRYMMYQQGCFAGGTVLRLAKDLAENNKGARVLVVCSEITAVTFRGPTDTHLDSLVGQALFGDGAAAVIVGSDPLPVEKPLFQLVWTAQTILPDSEGAIDGHLREVGLTFHLLKDVPGLISKNIEKALVEAFQPLGISDYNSIFWIAHPGGPAILDQVEAKLGLKPEKMEATRHVLSEYGNMSSACVLFILDQMRKKSIENGLGTTGEGLDWGVLFGFGPGLTVETVVLRSVTV	0.0149	A0A0R0IQ64
coumaroyl-CoA	CC(C)(COP(=O)(O)OP(=O)(O)OC[C@@H]1[C@H]([C@H]([C@@H](O1)N2C=NC3=C(N=CN=C32)N)O)OP(=O)(O)O)[C@H](C(=O)NCCC(=O)NCCSC(=O)/C=C/C4=CC=C(C=C4)O)O	MVSVEEIRQAQRAEGPATVMAIGTATPPNCVDQSTYPDYYFRITNSEHMTELKEKFKRMCDKSMIKKRYMYLNEEILKENPSVCAYMAPSLDARQDMVVVEVPKLGKEAATKAIKEWGQPKSKITHLIFCTTSGVDMPGADYQLTKLLGLRPSVKRYMMYQQGCFAGGTVLRLAKDLAENNKGARVLVVCSEITAVTFRGPTDTHLDSLVGQALFGDGAAAVIVGSDPLPVEKPLFQLVWTAQTILPDSEGAIDGHLREVGLTFHLLKDVPGLISKNIEKALVEAFQPLGISDYNSIFWIAHPGGPAILDQVEAKLGLKPEKMEATRHVLSEYGNMSSACVLFILDQMRKKSIENGLGTTGEGLDWGVLFGFGPGLTVETVVLRSVSV	0.0062	A0A0R4J3D3
coumaroyl-CoA	CC(C)(COP(=O)(O)OP(=O)(O)OC[C@@H]1[C@H]([C@H]([C@@H](O1)N2C=NC3=C(N=CN=C32)N)O)OP(=O)(O)O)[C@H](C(=O)NCCC(=O)NCCSC(=O)/C=C/C4=CC=C(C=C4)O)O	MVSVQDVRRTQRAEGPATVLAIGTVTPTNSVDQSTYPDYYFRVTNSEHKTELKEKFKRMCDKSMIKKRYMHLTEEMLKENPNICAYMAPSLDARQDIVVVEVPKLGKEAAVKAIKEWGQPKSKITHLVFCTTSGVDMPGADYQLTKLLGLRPSIKRLMMYQQGCFAGGTVLRLAKDLAENNKGARVLVVCSELTAVTFRGPSDTHLDSLVGQALFGDGAAAVIVGSDPVPNVEKPLYELVFTAQTILPDSDGAIDGHLREVGLTFHLLKDVPGLISKNIEKSLVEAFQPLGISDWNSIFWIAHPGGPAILDQVEAKLGLEPNKLQATRHILSEFGNMSSACVLFIMDYMRKKSAEDGLESTGEGLEWGVLFGFGPGLTVETVVLHSVANY	0.0004	B9RWL3
coumaroyl-CoA	CC(C)(COP(=O)(O)OP(=O)(O)OC[C@@H]1[C@H]([C@H]([C@@H](O1)N2C=NC3=C(N=CN=C32)N)O)OP(=O)(O)O)[C@H](C(=O)NCCC(=O)NCCSC(=O)/C=C/C4=CC=C(C=C4)O)O	MLSIQEFRKAQRAEGPANILAIGTATPPNCVLQTTYPDYYFRITKSEHKKDLKEKFTRMCKLHAYLHRIINNFYITKFVLNIFVMFSGEKSMIKKRYMYLTEEILNEKPNMCAYNAPSLDDRQDIVVVEVPKLGKEAATRAIKEWGQPKSKITHLVFCTTSGVDMPGADYQLTKLLGLRSSVKRFMMYQQGCFAGGTVLRMAKDLAENNKGARVLVVCSEITAVTFRGPDDSHLDSLVGQALFGDGAAAIIVGSDPLPDIEKPLFEIISAAQTILPDSRGAIDGHLREVGLTFHLLKDVPGLISKHIEESLVEAFQPLGIDDWNSLFWIAHPGGPAILDQVEEKLALTPDKLRATRHVLSEYGNMSSACVLFILNEMRHASATDGFSTTGEGLEWGVLFGFGPGLTVETVVLHSVPI	0.0039	A0A251UZI7
coumaroyl-CoA	CC(C)(COP(=O)(O)OP(=O)(O)OC[C@@H]1[C@H]([C@H]([C@@H](O1)N2C=NC3=C(N=CN=C32)N)O)OP(=O)(O)O)[C@H](C(=O)NCCC(=O)NCCSC(=O)/C=C/C4=CC=C(C=C4)O)O	MIEKEDVNHCVATILAIGTATPEEFVLQSEYPDFFFRITESENLVELKEKFKRICDKSGIQKRHLHLTESILAGNPELCKDSSETSSLLARQSIANAEVAALGARAAKKALQEGGHSAAEITHLIVATSNGIRMPGPDLAIAKILGLRHDVRRLMLNQVGCYAGGTALRIAKEMAESGGISTRVLIVCSEVGAFTFRPPNEKHPDRLVGSAIVGDGAASLVVGCRDPKLNSSPGQLLELHWAGQFFVPDSEDDLTATLSEQGLIYFLSKHVPALISSSVCELLPSALAASSKTRDLAPNDLFWAIHPGGRAILDQIETKLGLRSDKLRVTRETLASYGNMSSPTVLFVLEEIVRQSSRSGEWGVLLSFGPGLTIEIQLLRRC	0.4185	D8SG16
coumaroyl-CoA	CC(C)(COP(=O)(O)OP(=O)(O)OC[C@@H]1[C@H]([C@H]([C@@H](O1)N2C=NC3=C(N=CN=C32)N)O)OP(=O)(O)O)[C@H](C(=O)NCCC(=O)NCCSC(=O)/C=C/C4=CC=C(C=C4)O)O	MLVATTVIMMTIMILVIVEQRAELNEEILKENPSVCAYMTPSLDTRQDMVIVEVPKLGKEAATKTIKEWGQPKSKITHLIFCTISGVHMPGADVPTRLLCRWLRLVENNKGARVLLVWSEITAVAALFGDGAAAGIVGSDPLPVEKPLFQLTILPDSEGAINGHLGLGEVGLTFHLLKVDRQF	0.0035	A0A0R0JVW7
coumaroyl-CoA	CC(C)(COP(=O)(O)OP(=O)(O)OC[C@@H]1[C@H]([C@H]([C@@H](O1)N2C=NC3=C(N=CN=C32)N)O)OP(=O)(O)O)[C@H](C(=O)NCCC(=O)NCCSC(=O)/C=C/C4=CC=C(C=C4)O)O	MGSAPAANFREICRARRADGPAAVLAIGTANPGNCVLQEDFPDFYFRATKSEHLTGLKEKFKRVCQKLGVQRRYLHHTEELLSAHPEFLDLVCSPSLDERLDIVKTAVPELAAAASRKAIAEWGRPAADITHLVVTTNSGAHIPGVDFQLVPLLGLRPTVRRTMLYLNGCFAGAAALRVAKDLAENNRGARVLVVCAELTVLVFTRPVEGYFQTLVKQALFGDGAGAVIVGADPVMTIPAERPLFEIVSAAQTIISESEDAITMHLTKGGCGGNISTRQVPVLIGHNIERCLLDAFQPLGIGAGWNDLFWDVHPGSSAILDQVDTVLHLKPEKLAASRRVLSEYGNMQGVTVIFVLDELRRRMEKGEEEGEPEWGVMVAFGPGLTVETMVLHRCAAQATGAPTEEGLTVFCG	0.3112	K4A182
coumaroyl-CoA	CC(C)(COP(=O)(O)OP(=O)(O)OC[C@@H]1[C@H]([C@H]([C@@H](O1)N2C=NC3=C(N=CN=C32)N)O)OP(=O)(O)O)[C@H](C(=O)NCCC(=O)NCCSC(=O)/C=C/C4=CC=C(C=C4)O)O	MVSVEAIRKAQRAEGPATVMAIGTATPPNCVDQSTYPDYYFRITNSEHMTELKEKFKRMCDKSMIKKLYMYLNEEILKENPSVCAYMAPSLDARQDMVVVEVPKLGKEAATKAIKEWGQPKSKITHLIFCTTSGVDMPGADYQLTKLLGLRPSVKRYMMYQQGCFAGGTVLRLAKDLAENNKGARVLVVCSEITAVTFRGPTDTHLDSLVGQALFGDGAAAVIVGSDPLPVEKPLFQLIWTAQTILPDSEGAIDGHLREVGLTFHLLKDVPGLISKNIEKALVEAFQPLGISDYNSIFWIAHPGGPAILDQVEAKLGLKPEKMEATRHVLSEYGNMSSACVLFILDQMRKKSIENGLGTTGEGLDWGVLFGFGPGLTVETVVLRSVTV	0.0086	B3F5J6
coumaroyl-CoA	CC(C)(COP(=O)(O)OP(=O)(O)OC[C@@H]1[C@H]([C@H]([C@@H](O1)N2C=NC3=C(N=CN=C32)N)O)OP(=O)(O)O)[C@H](C(=O)NCCC(=O)NCCSC(=O)/C=C/C4=CC=C(C=C4)O)O	MVSVEEIRKAQRAEGPATVMAIGTATPPNCVDQSTYPDYYFRITNSDHMNELKEKFKRMCDKSMIKKRYMYLNEEILKENPSVCAYMEPSLDARQDMVVVEVPKLGKEAATKAIKEWGQPKSKITHLIFCTTSGVDMPGADYQLTKLLGLRPSVKRYMMYQQGCFAGGTVLRLAKDLAENNTGARVLVVCSEITAVTFRGPSDTHLDSLVGQALFGDGAAAVIVGSDPLPAEKPLFELVWTAQTILPDSEGAIDGHLREVGLTFHLLKDVPGLISKNIQKALVEAFQPLGIDDYNSIFWIAHPGGPAILDQVEAKLGLKPEKMEATRHVLSEYGNMSSACVLFILDQMRKKSIENGLGTTGEGLEWGVLFGFGPGLTVETVVLRSVTV	0.0070	P30080
coumaroyl-CoA	CC(C)(COP(=O)(O)OP(=O)(O)OC[C@@H]1[C@H]([C@H]([C@@H](O1)N2C=NC3=C(N=CN=C32)N)O)OP(=O)(O)O)[C@H](C(=O)NCCC(=O)NCCSC(=O)/C=C/C4=CC=C(C=C4)O)O	MVLQGICWRDLNHPLGLLMQGSVKEIVGSQVNNAFVSCILPFMQLLQTRKEISLSSIQGLEKSEQFGGSPIIDLLGRLHEAELNPRVKDVWWYAGEKNGIFFNQILISCFGGSFSKRKMGLRAGQWSTYPEYYFRITNSEHKTELKEKFKRMCEKSRIKKSYMHLTEEISKENPNVCAYMAPSLDARQDMVVVEVPKLGEEAAVKAIKEWGQPKSKITHLVFCTTSGVDMPGADYQLTKLLGLRPSVKRLMMYQQGCYGGGMVLRLAKDLAENNRGARVLVVCSEITAVTFRGPSDTHLDNLLGQALFGDGAAAVIVGADPVPGVEKPLFELVSAAQTILPDSHGAIDGHLREVGQKLALKSEKLRATRHILSEYGNMSSACVLFILDEMRKKSIEDGLKTTGEGLEWGVLFGFGPGLTVETVISLRWVYQQGVGLLVKSCNKGRLKKNLDIFNWALREEESKKISQIPQHRLCTADVFVSEDGLFKSVEELWDGEM	0.0751	A0A1U8ANQ4
coumaroyl-CoA	CC(C)(COP(=O)(O)OP(=O)(O)OC[C@@H]1[C@H]([C@H]([C@@H](O1)N2C=NC3=C(N=CN=C32)N)O)OP(=O)(O)O)[C@H](C(=O)NCCC(=O)NCCSC(=O)/C=C/C4=CC=C(C=C4)O)O	MTRINYLIQVADLAPSGWEISLGCLFVYSFEPIQSNQPCIRPAMSASKIEAKSPAAILAIGPTNPANCHYQQDYPDFLFRVTNNDHMTELKDKFKRICEKSNVKKRYLHITEEILKANPNICRYKAPSLDPCQDMMIPEVPKLGKEAALKAIEEWGQPISNITHLIFCTSSCVDMPGADLQLVKLLGLDPFVNRFMIYLQGCFAGGTALLKYK	0.6221	A0A251PS52
coumaroyl-CoA	CC(C)(COP(=O)(O)OP(=O)(O)OC[C@@H]1[C@H]([C@H]([C@@H](O1)N2C=NC3=C(N=CN=C32)N)O)OP(=O)(O)O)[C@H](C(=O)NCCC(=O)NCCSC(=O)/C=C/C4=CC=C(C=C4)O)O	MVTVDEIRKTQRAEGPATIMAIGTSTPPNCVDQSTYPDYYFRITNSEHKAELKEKFKRMCEKSMIKKRYMYLTEEILKENPSVCEYMAPSLDARQDMVVVEVPRLGKEAATKAIKEWGQPKSKITHLVFCTTSGVDMPGADYQLTKLLGLRSSVKRFMMYQQGCFAGGTVLRLAKDLAENNKGARVLVVCSEITAVTFRGPSDTHLDSLVGQALFGDGAAALIIGSDPVIGVEKPLFELVSAAQTILPDSDGAIDGHLREVGLTFHLLKDVPGLISKNVEKSLTEAFKPLGISDWNSLFWIAHPGGPAILDQVEAKLALKPEKLRATRHVLSEYGNMSSACVLFILDEMRKKSAEDGLQSTGEGLEWGVLFGFGPGLTVETVVLHSVAPTI	0.0786	A0A2K2B8S9
coumaroyl-CoA	CC(C)(COP(=O)(O)OP(=O)(O)OC[C@@H]1[C@H]([C@H]([C@@H](O1)N2C=NC3=C(N=CN=C32)N)O)OP(=O)(O)O)[C@H](C(=O)NCCC(=O)NCCSC(=O)/C=C/C4=CC=C(C=C4)O)O	MVTVEDVRRAQRAEGPATVMAIGTATPPNCVDQSAYPDYYFRITNSEHKTELKEKFKRMCEKSMIKKRYMHLTEEILKENPNVCAYMASSLDARQDMVVVEVPKLGKEAATKAIKEWGQPKSKITHLVFCTTSGVDMPGADYQLTKLLGLRPSVKRLMMYQQGCFAGGTVLRLAKDLAENNKGARVLVVCSEITAVTFRGPSDTHLDSLVGQALFGDGAAALIVGADPVPGVEKPLFELVSAAQTILPDSDGAIDGHLREVGLTFHLLKDVPGLISKNIEKSLVEAFQPLGITDWNSLFWIAHPGGPAILDQVESKLELKPEKLRATRHVLSEYGNMSSACVLFILDEMRKKSAEDRLKTTGEGLEWGVLFGFGPGLTVETVVLHSVSA	0.0239	A0A2I4F623
coumaroyl-CoA	CC(C)(COP(=O)(O)OP(=O)(O)OC[C@@H]1[C@H]([C@H]([C@@H](O1)N2C=NC3=C(N=CN=C32)N)O)OP(=O)(O)O)[C@H](C(=O)NCCC(=O)NCCSC(=O)/C=C/C4=CC=C(C=C4)O)O	MVSVEEFCRAQKSKGPASVLAIGTAVPKNVIEQSTYPDYLFRITNSEHMTDLKEKFKRMYTKLRKDSQSKSRVVSMGVSDARIGFLPDILVSEVPKLAKEAAANALKEWGQPKSKITHLVFCTTSGVDMPGCDYQLTKLLGLRPTVKRYMMYQVGCYGAGLVLRIAKDLAENNKGARVLVVCSEITVCTFRGPTETYLDNLVGQALFGDGASSVIVGSDPVPGIERPLYEIVSTSQTILPNSEGAIAGHVREIGLTIHLLKDVPGLISKNVEKNMAEAFHPLGITDWNSLFFIVHPGGPAILDDVEAKLKLKPEKMEASRYVLGEYGNMSSACVFFIMDEMRKKSIKKGLKTTGEGLEWGVLFGFGPGLTVETVVLHALSA	0.7168	A0A059ATV1
coumaroyl-CoA	CC(C)(COP(=O)(O)OP(=O)(O)OC[C@@H]1[C@H]([C@H]([C@@H](O1)N2C=NC3=C(N=CN=C32)N)O)OP(=O)(O)O)[C@H](C(=O)NCCC(=O)NCCSC(=O)/C=C/C4=CC=C(C=C4)O)O	MVSVEEIRNAQRAEGPATVMAIGTATPPNCVDQSTYPDYYFRITNSEHMTELKEKFKRMCDKSMIKKRYMYLNEEILKENPSVCAYMAPSLDARQDMVVVEVPKLGKEAATKAIKEWGQPKSKITHLIFCTTSGVDMPGADYQLTKLLGLRPSVKRYMMYQQGCFAGGTVLRLAKDLAENNKGARVLVVCSEITAVTFRGPTDTHLDSLVGQALFGDGAAAVIVGSDPLPVEKPLFQLVWTAQTILPDSEGAIDGHLREVGLTFHLLKDVPGLISKNIEKALVEAFQPLGISDYNSIFWIAHPGGPAILDQVEAKLGLKPEKMEATRHVLSEYGNMSSACVLFILDQMRKKSIENGLGTTGEGLDWGVLFGFGPGLTVETVVLRSVTV	0.0032	Q6X0M9
coumaroyl-CoA	CC(C)(COP(=O)(O)OP(=O)(O)OC[C@@H]1[C@H]([C@H]([C@@H](O1)N2C=NC3=C(N=CN=C32)N)O)OP(=O)(O)O)[C@H](C(=O)NCCC(=O)NCCSC(=O)/C=C/C4=CC=C(C=C4)O)O	MANLHALRREQRAQGPATIMAIGTATPPNLYEQSTFPDFYFRVTNSDDKQELKKKFRRMCEKTMVKKRYLHLTEEILKERPKLCSYKEASFDDRQDIVVEEIPRLAKEAAEKAIKEWGRPKSEITHLVFCSISGIDMPGADYRLATLLGLPLTVNRLMIYSQACHMGAAMLRIAKDLAENNRGARVLVVACEITVLSFRGPNEGDFEALAGQAGFGDGAGAVVVGADPLEGIEKPIYEIAAAMQETVAESQGAVGGHLRAFGWTFYFLNQLPAIIADNLGRSLERALAPLGVREWNDVFWVAHPGNWAIIDAIEAKLQLSPDKLSTARHVFTEYGNMQSATVYFVMDELRKRSAVEGRSTTGDGLQWGVLLGFGPGLSIETVVLRSMPL	10.9672	C0SVZ6
coumaroyl-CoA	CC(C)(COP(=O)(O)OP(=O)(O)OC[C@@H]1[C@H]([C@H]([C@@H](O1)N2C=NC3=C(N=CN=C32)N)O)OP(=O)(O)O)[C@H](C(=O)NCCC(=O)NCCSC(=O)/C=C/C4=CC=C(C=C4)O)O	MAMISLQAMRKAQRAQGPATILAVGTANPPNLYEQDTYPDYYFRVTNSEHKQELKNKFRLMCEKTMVKRRYLYLTPEILKERPKLCSYMEPSFDDRQDIVVEEVPKLAAEAAENAIKEWGGDKSAITHLVFCSISGIDMPGADYRLAQLLGLPLAVNRLMLYSQACHMGAAMLRIAKDIAENNRSARVLVVACEITVLSFRGPDERDFQALAGQAGFGDGAGAMIVGADPVLGVERPLYHIMSATQTTVPESEKAVGGHLREVGLTFHFFNQLPAIIADNVGNSLAEAFEPIGIKDWNNIFWVAHPGNWAIMDAIETKLGLEQSKLATARHVFSEFGNMQSATVYFVMDELRKRSAAENRATTGDGLRWGVLFGFGPGISIETVVLQSVPL	11.5221	C6L7V8
coumaroyl-CoA	CC(C)(COP(=O)(O)OP(=O)(O)OC[C@@H]1[C@H]([C@H]([C@@H](O1)N2C=NC3=C(N=CN=C32)N)O)OP(=O)(O)O)[C@H](C(=O)NCCC(=O)NCCSC(=O)/C=C/C4=CC=C(C=C4)O)O	MGSLQAMRRAQRAQGPATIMAVGTSNPPNLYEQTSYPDFYFRVTNSDHKHALKNKFRVICEKTKVKRRYLHLTEEILKQRPKLCSYMEPSFDDRQDIVVEEIPKLAKEAAEKAIKEWGRPKSEITHLVFCSISGIDMPGADYRLATLLGLPLSVNRLMLYSQACHMGAQMLRIAKDLAENNRGARVLAVSCEITVLSFRGPDAGDFEALACQAGFGDGAAAVVVGADPLPGVERPIYEIAAAMQETVPESERAVGGHLREIGWTFHFFNQLPKLIAENIEGSLARAFKPLGISEWNDVFWVAHPGNWGIMDAIETKLGLEQGKLATARHVFSEYGNMQSATVYFVMDEVRKRSAAEGRATTGEGLEWGVLFGFGPGLTIETVVLRSVPLP	3.4024	C6L7V9
